Latitude,Longitude
51.4935929,-0.1262861
51.5154842,-0.1049292
51.5125433,-0.1067767
51.5153316,-0.1117428
51.5163499,-0.1192746
51.5145791,-0.0969839
51.5167255,-0.1038901
51.5153501,-0.1045266
51.5150736,-0.0997325
51.4925356,-0.1391781
51.4923918,-0.1395955
51.5127574,-0.1211471
51.4937404,-0.1015132
51.5067697,-0.1128627
51.4994009,-0.1156476
51.5154278,-0.1083091
51.5157954,-0.1071645
51.516754,-0.110371
51.50623,-0.1110639
51.5033586,-0.0954883
51.4959773,-0.1440561
51.5148694,-0.1224717
51.4994244,-0.11398
51.4985822,-0.1390719
51.4843333,-0.1171649
51.4870423,-0.1156005
51.51542,-0.1313897
51.4886551,-0.1206258
51.4974199,-0.1304208
51.4978844,-0.1263636
51.4964344,-0.1287838
51.4947547,-0.1322335
51.4950039,-0.1321861
51.4950117,-0.131388
51.4902841,-0.1286368
51.4907501,-0.1305636
51.5093809,-0.1263009
51.512377,-0.1132265
51.5152711,-0.131279
51.5128529,-0.1089872
51.493745,-0.09964
51.4879879,-0.0869478
51.4881483,-0.0868534
51.5104917,-0.1291274
51.5102139,-0.1290844
51.50981,-0.130266
51.510852,-0.130441
51.5112449,-0.1293677
51.5071604,-0.1302097
51.5094628,-0.1311122
51.5087515,-0.1322644
51.511278,-0.1313631
51.5126891,-0.1305203
51.5141821,-0.130749
51.5161287,-0.130634
51.5165109,-0.1307587
51.5108812,-0.1341591
51.5108026,-0.1351182
51.510582,-0.135267
51.5120927,-0.1348396
51.5134836,-0.1349356
51.5112631,-0.1327871
51.5123533,-0.1295014
51.5167871,-0.1194731
51.5148468,-0.1334032
51.5149372,-0.1352506
51.5148569,-0.1374635
51.5142246,-0.1371322
51.5125409,-0.1316657
51.5122602,-0.0830944
51.5113374,-0.1134381
51.5112766,-0.1221949
51.499843,-0.1336783
51.5140281,-0.1091675
51.5137876,-0.1092189
51.5136388,-0.1090351
51.5006689,-0.1316634
51.491856,-0.1400109
51.5069255,-0.0846413
51.5113443,-0.130077
51.5137751,-0.1167573
51.4851296,-0.1244447
51.4935531,-0.1418267
51.4913945,-0.1390677
51.4871719,-0.1445137
51.4992614,-0.1330944
51.4980016,-0.1351602
51.4977641,-0.1345886
51.5004507,-0.1339324
51.499457,-0.1356681
51.4991619,-0.1307097
51.4980406,-0.1349521
51.4996528,-0.1336513
51.4996419,-0.1338004
51.4989245,-0.1355137
51.4980131,-0.1350544
51.498098,-0.1353054
51.4984361,-0.1119033
51.4967679,-0.1090637
51.4968718,-0.1119249
51.4982763,-0.1340161
51.4991403,-0.1366734
51.4993875,-0.1360286
51.4992367,-0.1383053
51.4992228,-0.1379342
51.4983953,-0.1349891
51.4978634,-0.1368805
51.4987718,-0.1374728
51.4989,-0.1378161
51.4985775,-0.1395286
51.498713,-0.1421248
51.498723,-0.1412557
51.4985776,-0.140349
51.4993595,-0.1397215
51.4992634,-0.1393525
51.5132762,-0.1366061
51.5074396,-0.0928945
51.5141224,-0.1392291
51.506562,-0.127064
51.5063753,-0.1269716
51.5067276,-0.1269618
51.5098111,-0.1320333
51.508504,-0.126695
51.4994142,-0.1331962
51.5004164,-0.1298531
51.4846874,-0.0829548
51.4926062,-0.1406398
51.5064599,-0.0892462
51.5059422,-0.086913
51.5061076,-0.0827957
51.50836,-0.107817
51.505166,-0.1165376
51.5055251,-0.1176917
51.513044,-0.1044233
51.5123735,-0.1039438
51.4951731,-0.1255441
51.496801,-0.125651
51.497583,-0.125943
51.4993223,-0.1294761
51.4940392,-0.1194905
51.4931529,-0.120497
51.489619,-0.1121198
51.4847962,-0.1181976
51.5074819,-0.1098434
51.5112844,-0.1040799
51.5112056,-0.1041018
51.512278,-0.104076
51.5170631,-0.0812184
51.4991243,-0.1126995
51.5006728,-0.1132631
51.5146474,-0.0981098
51.514642,-0.0982288
51.5167506,-0.1039851
51.5136634,-0.083933
51.5146862,-0.1168599
51.5170093,-0.0873308
51.5171696,-0.0881462
51.5171934,-0.0897891
51.5163441,-0.0970933
51.5158687,-0.0972049
51.5156765,-0.0992991
51.5157726,-0.1000029
51.5146289,-0.117193
51.5132863,-0.1154047
51.5134855,-0.1165091
51.5045934,-0.1230377
51.509591,-0.126041
51.5116939,-0.1257001
51.5158593,-0.1024019
51.514083,-0.1021186
51.5141541,-0.102277
51.5110143,-0.0808364
51.5110137,-0.0847662
51.4883912,-0.1375146
51.4909201,-0.1390927
51.512579,-0.1458849
51.5127139,-0.1414682
51.5123499,-0.142301
51.5108817,-0.1454164
51.5062917,-0.1170999
51.4887868,-0.1371964
51.513035,-0.0913656
51.4890962,-0.110865
51.5168055,-0.12644
51.5171827,-0.1255515
51.5144021,-0.122107
51.505071,-0.0824676
51.5050533,-0.0832307
51.4979863,-0.090494
51.4946884,-0.091716
51.4967192,-0.0966831
51.4987226,-0.0976003
51.4996349,-0.0949877
51.495739,-0.1038184
51.4919337,-0.1024528
51.4908164,-0.1036794
51.4907793,-0.1113486
51.4903358,-0.1038794
51.4894933,-0.1050094
51.4890769,-0.1039947
51.4894102,-0.105091
51.4897221,-0.1072826
51.4901593,-0.1069419
51.4899017,-0.1081581
51.489539,-0.1090887
51.4879326,-0.1064716
51.4881546,-0.1090502
51.4861091,-0.1115058
51.4872063,-0.1115031
51.487265,-0.1111211
51.4875012,-0.1114612
51.4886455,-0.1107714
51.5014333,-0.1106868
51.4988036,-0.1119994
51.4980517,-0.1119807
51.4980947,-0.1123248
51.4978632,-0.112232
51.498131,-0.10974
51.4981794,-0.1102946
51.4979007,-0.1073105
51.498262,-0.1091399
51.489854,-0.146213
51.5058844,-0.0929976
51.488184,-0.10746
51.499607,-0.11497
51.514191,-0.137179
51.4839218,-0.1276517
51.4977,-0.1265
51.5042,-0.0961
51.4920588,-0.1200986
51.4993662,-0.0829032
51.485641,-0.1370041
51.4995131,-0.1147771
51.4939002,-0.1452004
51.503534,-0.112309
51.4866145,-0.1057816
51.4997,-0.1127
51.5024242,-0.0831543
51.5021746,-0.0826124
51.4889592,-0.1125669
51.4855,-0.1168
51.4860063,-0.1183176
51.4982337,-0.0813717
51.4934164,-0.0904079
51.4931773,-0.0886338
51.4855,-0.1357
51.4957918,-0.1038984
51.4960381,-0.1012388
51.4941938,-0.1008001
51.4929007,-0.1007906
51.4907723,-0.1060873
51.4906945,-0.1063873
51.5043762,-0.1126429
51.487901,-0.0907078
51.488033,-0.0899916
51.4857771,-0.0913995
51.484517,-0.0884723
51.4842375,-0.0853579
51.4850591,-0.0829536
51.4863524,-0.0842287
51.4864122,-0.0842453
51.4913096,-0.0819792
51.4912583,-0.081899
51.4958162,-0.1420008
51.4958804,-0.1420265
51.4842787,-0.1062587
51.4915989,-0.1007712
51.4873181,-0.1016209
51.4888173,-0.1113052
51.5040629,-0.1137552
51.4935176,-0.0850027
51.4936618,-0.0853983
51.4942327,-0.0917264
51.4941985,-0.095579
51.5136221,-0.1273743
51.5108268,-0.1396697
51.5106165,-0.1394811
51.5112969,-0.1399186
51.5109443,-0.1393778
51.5045053,-0.1091471
51.5093933,-0.0916244
51.5140949,-0.1250205
51.4917764,-0.1246946
51.4997814,-0.1333639
51.5001051,-0.133984
51.5059312,-0.1171709
51.5083717,-0.1046364
51.5064776,-0.0882701
51.501146,-0.125595
51.5147192,-0.1419327
51.5071635,-0.1075107
51.5071058,-0.1077347
51.5135539,-0.0818865
51.5140185,-0.0933958
51.5141008,-0.094599
51.5143282,-0.0956558
51.5143518,-0.0957809
51.5164907,-0.1029976
51.5073473,-0.1060965
51.4968564,-0.1322401
51.491736,-0.093279
51.5074916,-0.0966321
51.492228,-0.1384401
51.4910634,-0.1373236
51.4961248,-0.1427495
51.492568,-0.138169
51.492654,-0.1407246
51.4904856,-0.1382518
51.4898326,-0.1353993
51.4884034,-0.1352067
51.4882514,-0.1438838
51.4872437,-0.1366315
51.5074981,-0.1376335
51.5130584,-0.1422503
51.5133258,-0.1423597
51.5163738,-0.1373964
51.5144147,-0.1274941
51.496954,-0.1372389
51.4917775,-0.1409149
51.4920195,-0.140075
51.4922147,-0.1401479
51.4919874,-0.1402253
51.4920687,-0.1406886
51.4918863,-0.1405842
51.4918872,-0.1406559
51.4908297,-0.1375839
51.4911928,-0.1402178
51.5080244,-0.1262477
51.4898053,-0.139029
51.4925217,-0.1373044
51.4911258,-0.1393028
51.491075,-0.1389923
51.4964971,-0.1354612
51.4969839,-0.1375348
51.4886939,-0.1343052
51.4916563,-0.1389357
51.4964968,-0.1357931
51.486687,-0.1374218
51.4923062,-0.1398318
51.487979,-0.137889
51.49107,-0.135199
51.507674,-0.107669
51.49249,-0.137906
51.4855437,-0.143342
51.4930064,-0.1437669
51.492492,-0.1400662
51.4924309,-0.1399891
51.4927142,-0.1403466
51.4862449,-0.1418707
51.4891045,-0.1367283
51.4889736,-0.1369115
51.4931224,-0.1444689
51.4918399,-0.1461855
51.5157799,-0.0895754
51.4879143,-0.1412706
51.4875152,-0.1412479
51.5131865,-0.0873971
51.4889241,-0.1105565
51.498165,-0.1098581
51.4971602,-0.1394197
51.4972724,-0.1394628
51.5167839,-0.0835466
51.5116974,-0.0819854
51.4905171,-0.1449657
51.4896586,-0.142663
51.5161397,-0.1331197
51.5122998,-0.1313439
51.5132266,-0.1292259
51.5132082,-0.1133709
51.5005716,-0.0991917
51.5060021,-0.1158875
51.505851,-0.1149273
51.5056639,-0.1151021
51.5052279,-0.1167364
51.5052961,-0.1169556
51.5054263,-0.1173741
51.5058176,-0.117588
51.5060413,-0.1173306
51.49664,-0.081097
51.4967462,-0.0821355
51.4951356,-0.0840271
51.4954052,-0.0835344
51.4966644,-0.0825141
51.4965233,-0.0823574
51.4967326,-0.082406
51.5001157,-0.085087
51.5046208,-0.0878573
51.5027766,-0.0959855
51.4957483,-0.144279
51.5121849,-0.0863196
51.4962331,-0.0825069
51.4961827,-0.0825831
51.5132372,-0.1248695
51.4899231,-0.0966475
51.490144,-0.096786
51.4958068,-0.082932
51.4899499,-0.08567
51.5037592,-0.0986447
51.5037436,-0.0988123
51.5042798,-0.0894732
51.5006223,-0.0914796
51.5005539,-0.0914286
51.4982563,-0.0861183
51.4960365,-0.0830382
51.4958506,-0.0832093
51.4957073,-0.083467
51.4956707,-0.0835033
51.4935748,-0.0843117
51.498146,-0.1324706
51.5035192,-0.1112187
51.5153211,-0.0876577
51.5059439,-0.09523
51.50649,-0.0950968
51.5060259,-0.0953633
51.4851603,-0.12037
51.4904875,-0.1038267
51.487906,-0.1063264
51.4882884,-0.105781
51.5047392,-0.0906815
51.491467,-0.0900636
51.4915256,-0.090364
51.491499,-0.0908739
51.4913233,-0.0902584
51.4938085,-0.0937261
51.5130087,-0.088468
51.5131117,-0.0885043
51.5129339,-0.0913684
51.5132233,-0.0865977
51.5063094,-0.1461839
51.506591,-0.146362
51.4949674,-0.1309836
51.5057051,-0.117683
51.4933451,-0.1411427
51.5009235,-0.1185791
51.4995626,-0.1317999
51.5050443,-0.0864445
51.4974573,-0.1296741
51.4972275,-0.1295969
51.5103084,-0.0862258
51.5107157,-0.0860166
51.4966246,-0.1373853
51.5140965,-0.1457514
51.5142408,-0.1458715
51.501164,-0.1267508
51.484547,-0.0936255
51.4880175,-0.0958078
51.4895836,-0.0965819
51.4958703,-0.0995924
51.4995039,-0.1300188
51.5029395,-0.1119178
51.5014045,-0.1104799
51.4869981,-0.1137162
51.4868024,-0.1138309
51.4954656,-0.1108748
51.4953001,-0.1108003
51.4952754,-0.1108431
51.5116653,-0.0899837
51.5112483,-0.0892209
51.4953221,-0.1358802
51.4865457,-0.1077149
51.4865895,-0.1076712
51.4866719,-0.107784
51.4935624,-0.1401166
51.493487,-0.1399889
51.4940606,-0.1410032
51.4996065,-0.1421361
51.5137428,-0.0865657
51.5137484,-0.0865446
51.495552,-0.1459291
51.4980147,-0.144086
51.4981911,-0.1435417
51.4846258,-0.0990611
51.5134044,-0.1303111
51.5132714,-0.1302241
51.5107918,-0.1286084
51.507445,-0.122938
51.5025205,-0.1105989
51.5026287,-0.1102673
51.5147993,-0.099181
51.5132782,-0.0851336
51.5126631,-0.084714
51.5128086,-0.0842713
51.513355,-0.0908549
51.4920499,-0.0903371
51.5111558,-0.1414574
51.4883675,-0.0863342
51.5080583,-0.0951602
51.5082022,-0.096
51.5128083,-0.0926692
51.513214,-0.092611
51.5122519,-0.0928038
51.5118683,-0.0926351
51.5117113,-0.0929606
51.5117379,-0.0931536
51.5083588,-0.1081786
51.4845423,-0.1102753
51.4853204,-0.1112589
51.5028685,-0.1114225
51.5142153,-0.0862893
51.5064909,-0.0994396
51.5116472,-0.0838461
51.5117698,-0.0839268
51.516585,-0.1081211
51.5169447,-0.1041653
51.5147246,-0.087296
51.4999104,-0.1293837
51.5122598,-0.1448048
51.4952986,-0.1357439
51.492157,-0.1384381
51.4923167,-0.1384287
51.4919504,-0.1382141
51.4868473,-0.131287
51.4930666,-0.1407912
51.4929674,-0.1406661
51.516685,-0.0810094
51.5168859,-0.0812418
51.4893035,-0.0907551
51.496105,-0.1346823
51.4972853,-0.1357698
51.5167502,-0.1282806
51.5162937,-0.1333577
51.5164393,-0.1319168
51.5091341,-0.1236564
51.5163795,-0.0826453
51.4914983,-0.1386732
51.4885913,-0.1439055
51.5171225,-0.1310785
51.511257,-0.125512
51.5110873,-0.1255632
51.4959424,-0.1456553
51.4959101,-0.1456248
51.5162628,-0.0835313
51.5164477,-0.0833714
51.5163973,-0.0828757
51.5162768,-0.0819759
51.5149421,-0.0856885
51.514966,-0.0853573
51.4969491,-0.1358185
51.4967728,-0.1370201
51.4932214,-0.1409866
51.4931819,-0.1410628
51.4930109,-0.1410885
51.5157435,-0.0888158
51.5012538,-0.1074065
51.5021621,-0.1043338
51.5053569,-0.1040896
51.5046413,-0.1047964
51.5009039,-0.1037432
51.5019932,-0.1043368
51.5029218,-0.1081456
51.5012347,-0.1049118
51.4911946,-0.0911064
51.4878327,-0.1413033
51.4878113,-0.1412432
51.491643,-0.1411526
51.4898529,-0.1416896
51.4911018,-0.1445311
51.4931735,-0.1440929
51.4930137,-0.1441717
51.4930739,-0.1433726
51.4928508,-0.1433699
51.4925638,-0.1431049
51.4924953,-0.1430474
51.5058683,-0.1049228
51.5055161,-0.1378825
51.5133714,-0.1168317
51.5126794,-0.1308832
51.5137611,-0.1274714
51.5144299,-0.1224347
51.5138813,-0.1258406
51.5140415,-0.1256046
51.5142819,-0.1244673
51.5153635,-0.1212272
51.5145794,-0.121732
51.5149538,-0.1220195
51.5151952,-0.1232063
51.5162311,-0.1241498
51.496694,-0.130662
51.4955243,-0.1321135
51.4941879,-0.1342315
51.4954971,-0.1328411
51.4951872,-0.1326866
51.4953208,-0.1327982
51.4929065,-0.1405893
51.4925664,-0.1401742
51.4936157,-0.1403896
51.4886945,-0.1209177
51.5128158,-0.1389887
51.5161298,-0.1352803
51.4949245,-0.1278217
51.4947749,-0.1278303
51.4947695,-0.1276501
51.4947802,-0.1286371
51.4875737,-0.1414652
51.487104,-0.138101
51.4939727,-0.1409724
51.496625,-0.133521
51.4946431,-0.1324604
51.4945997,-0.1321699
51.4947692,-0.1319784
51.51655,-0.0890475
51.516299,-0.0891676
51.494891,-0.126994
51.4946833,-0.1297933
51.5062389,-0.1022202
51.5150683,-0.0983225
51.5147634,-0.0962969
51.5135374,-0.0966701
51.5145419,-0.0948116
51.5142497,-0.0928247
51.5153585,-0.0956641
51.4870362,-0.1351245
51.4901076,-0.1323901
51.5132553,-0.0947404
51.5131505,-0.095051
51.511818,-0.093734
51.5105478,-0.0879734
51.5127576,-0.1116385
51.5137632,-0.1117807
51.5141283,-0.1098158
51.4929888,-0.1107398
51.4927935,-0.1107577
51.485354,-0.1091267
51.4853462,-0.1073991
51.4850626,-0.1050422
51.4850499,-0.1052263
51.484764,-0.1051901
51.4857972,-0.1009215
51.486096,-0.1002205
51.4864471,-0.0997823
51.4862904,-0.0985026
51.4861851,-0.098272
51.4859756,-0.0983856
51.4856507,-0.0978291
51.486617,-0.0946912
51.48665,-0.0947283
51.4861006,-0.0929486
51.4842429,-0.0933809
51.4843567,-0.0931799
51.4845112,-0.0938395
51.4843439,-0.0937015
51.4843875,-0.0936982
51.4845701,-0.0938255
51.4846055,-0.0938288
51.4848065,-0.0938589
51.4849886,-0.0940031
51.4851377,-0.0939101
51.4853896,-0.0936964
51.486836,-0.094898
51.4883371,-0.0959816
51.5029049,-0.1000053
51.5108158,-0.1437574
51.4924886,-0.1253941
51.5120121,-0.0953812
51.5107564,-0.0858818
51.5070905,-0.1077983
51.4845662,-0.1200873
51.506879,-0.108472
51.5170252,-0.1353442
51.516861,-0.137265
51.5169739,-0.1430477
51.4857685,-0.0892221
51.504649,-0.1127877
51.5047254,-0.1130529
51.5038371,-0.1117026
51.4986854,-0.1173683
51.5169781,-0.1076198
51.5169369,-0.1043268
51.5167028,-0.1047861
51.5134673,-0.1171073
51.5138355,-0.1177785
51.5165567,-0.1110982
51.5161908,-0.1121726
51.5156486,-0.1121349
51.5156884,-0.111853
51.5167974,-0.1202283
51.516468,-0.119406
51.5161449,-0.1190946
51.5160246,-0.1190342
51.5160888,-0.1197353
51.5163711,-0.1198137
51.5164522,-0.1200288
51.5142302,-0.1041507
51.5135909,-0.1041425
51.5060492,-0.1106681
51.5055998,-0.111767
51.48615,-0.1327439
51.5136917,-0.1352009
51.5055547,-0.0848633
51.5057135,-0.0840887
51.5061354,-0.083386
51.5058898,-0.0838913
51.5053875,-0.0836607
51.5058148,-0.0831456
51.5054623,-0.0844761
51.505486,-0.085098
51.508205,-0.1285538
51.5083226,-0.1277985
51.5085058,-0.1265645
51.509364,-0.1268853
51.4967803,-0.141643
51.4936037,-0.1386335
51.4974427,-0.1406548
51.4975352,-0.1403984
51.4855969,-0.1255278
51.515637,-0.1259795
51.4973845,-0.0897456
51.4972722,-0.0895067
51.4987112,-0.0900125
51.4966219,-0.0882744
51.5015576,-0.104547
51.4846267,-0.093683
51.5075371,-0.1045724
51.5125803,-0.1045256
51.5125784,-0.105088
51.5145917,-0.1096835
51.5159653,-0.109017
51.5071297,-0.1070527
51.5071511,-0.1067202
51.51638,-0.1025109
51.508449,-0.1045782
51.5032607,-0.1070629
51.5027275,-0.1115458
51.5035019,-0.1131903
51.5026066,-0.1115138
51.5074074,-0.141003
51.507561,-0.140606
51.5075403,-0.1415241
51.5079012,-0.1315314
51.5032917,-0.1358969
51.512435,-0.1015469
51.5020707,-0.1257691
51.4949322,-0.1209882
51.4914597,-0.1219539
51.4909236,-0.122222
51.4893456,-0.1226748
51.4866857,-0.1179813
51.4866456,-0.1181468
51.4869472,-0.1156724
51.4862824,-0.118944
51.4864335,-0.1197638
51.4862727,-0.1207313
51.485439,-0.1252527
51.4845491,-0.1277975
51.484512,-0.1281209
51.4877707,-0.1234977
51.489703,-0.1226105
51.5073403,-0.1291407
51.495726,-0.1152922
51.4956949,-0.1145511
51.5018404,-0.1105609
51.5074966,-0.1301224
51.5074037,-0.1301932
51.5074458,-0.129958
51.5078097,-0.1299615
51.5071686,-0.1266827
51.506258,-0.126899
51.507083,-0.127258
51.5117912,-0.1295876
51.5076633,-0.1243661
51.5078488,-0.1241116
51.5079196,-0.124554
51.5075914,-0.1247267
51.5071461,-0.125429
51.5086608,-0.126944
51.5086156,-0.1250671
51.5086176,-0.1239427
51.5079265,-0.1260284
51.508028,-0.1261486
51.5080921,-0.1260284
51.5046837,-0.1300195
51.506532,-0.125652
51.4997936,-0.1424564
51.5012262,-0.1281268
51.5012183,-0.1275673
51.5012025,-0.1273436
51.5012511,-0.1265056
51.5014074,-0.1264848
51.5019132,-0.1263144
51.5018063,-0.126323
51.5028201,-0.0918016
51.5048678,-0.0907987
51.5039326,-0.0909734
51.5059654,-0.0865841
51.5066264,-0.0898586
51.5100392,-0.1302586
51.5107901,-0.1298263
51.5102655,-0.1312379
51.5084755,-0.1258651
51.508406,-0.126123
51.4886366,-0.0856173
51.4865525,-0.0836016
51.4999633,-0.1144243
51.5102993,-0.1280706
51.5106245,-0.1283501
51.5108756,-0.1290453
51.510912,-0.1294345
51.5107724,-0.1297637
51.5101811,-0.1293371
51.5101651,-0.1285732
51.5104786,-0.1285278
51.5097057,-0.1275432
51.5108269,-0.1294962
51.5099992,-0.130639
51.5103795,-0.1309046
51.5106982,-0.1297015
51.5100567,-0.1297874
51.5097232,-0.1285958
51.5099182,-0.1285772
51.510468,-0.1316263
51.5111148,-0.131813
51.5114086,-0.1322765
51.5116417,-0.1324605
51.5113873,-0.1328859
51.5120763,-0.1334438
51.5120252,-0.1339504
51.5104285,-0.1271128
51.510196,-0.1296758
51.5100197,-0.133006
51.5100727,-0.1330666
51.5102349,-0.131804
51.5102494,-0.1321048
51.5118253,-0.1334867
51.5124556,-0.1338386
51.512509,-0.133727
51.5080325,-0.1311692
51.5011303,-0.1257234
51.5157276,-0.1326224
51.5151134,-0.1331201
51.5154661,-0.1064782
51.51525,-0.1064245
51.5144456,-0.1044825
51.5143001,-0.10464
51.5143612,-0.1046512
51.516277,-0.1064823
51.513225,-0.1044064
51.5129044,-0.1039479
51.5132272,-0.1038462
51.5133004,-0.1038598
51.5135766,-0.1039438
51.5108714,-0.0858054000001
51.516203,-0.1093416
51.5159232,-0.1082178
51.515737,-0.1079274
51.5156445,-0.108535
51.5122069,-0.1205002
51.5120681,-0.1207875
51.5119555,-0.1204682
51.512991,-0.1213918
51.5123273,-0.1215012
51.512794,-0.1239583
51.5139769,-0.1227141
51.5089514,-0.1390762
51.5084996,-0.1391851
51.5086362,-0.1387672
51.5085904,-0.1395198
51.5087774,-0.1397087
51.5077478,-0.094571
51.5073146,-0.0947499
51.5069622,-0.094947
51.5068133,-0.0951254
51.5064408,-0.095236
51.5062828,-0.0952618
51.5061919,-0.0951862
51.505804,-0.0952805
51.505768,-0.095296
51.5054019,-0.0955855
51.5052177,-0.0955128
51.505112,-0.0955564
51.5043667,-0.0957409
51.5039439,-0.0956972
51.502717,-0.0958436
51.5025594,-0.0960543
51.5027049,-0.0968378
51.5027263,-0.0967309
51.502486,-0.0966947
51.5024759,-0.0966897
51.502151,-0.0965207
51.502113,-0.0966192
51.5021137,-0.096666
51.5024025,-0.0974273
51.50227,-0.0981572
51.5017438,-0.0977666
51.5017173,-0.0979361
51.5017045,-0.0947728
51.5016256,-0.0945654
51.5013533,-0.0936691
51.5013271,-0.0930079
51.5017223,-0.0927711
51.5019172,-0.0925921
51.5018877,-0.0924753
51.5017648,-0.0925879
51.5021909,-0.0885271
51.5020759,-0.0880159
51.5022171,-0.0881829
51.5024954,-0.0881973
51.503634,-0.087933
51.5037235,-0.0876058
51.5042642,-0.0872857
51.5042558,-0.0874438
51.5018339,-0.0872216
51.5018869,-0.086963
51.5016895,-0.0863674
51.501641,-0.0863245
51.501634,-0.0862918
51.5015642,-0.0860049
51.5015586,-0.0859735
51.5015474,-0.0858087
51.5015294,-0.0858004
51.5001702,-0.0852053
51.5003106,-0.0842325
51.5138847,-0.11139
51.5128798,-0.1033854
51.5138049,-0.1025833
51.5006832,-0.0989225
51.5119784,-0.0989447
51.5141588,-0.1075102
51.5128869,-0.1136329
51.5128356,-0.1138738
51.512096,-0.1165588
51.5007417,-0.10144
51.5051373,-0.0843739
51.5051699,-0.0844383
51.5053455,-0.0890346
51.502342,-0.09236
51.5014259,-0.0927856
51.5010212,-0.0932963
51.5010104,-0.093311
51.5008272,-0.093711
51.5007838,-0.0937673
51.5134541,-0.0892956
51.498814,-0.0929852
51.4913974,-0.0820803
51.4940827,-0.0994744
51.4946596,-0.0995215
51.4981147,-0.0829133
51.4999456,-0.0874632
51.4960963,-0.0931706
51.4989195,-0.100891
51.4978944,-0.0983065
51.4950456,-0.1453414
51.4910254,-0.1111339
51.5127558,-0.0970953
51.5124781,-0.0973898
51.5048162,-0.0914124
51.5050203,-0.0968898
51.5072106,-0.0964828
51.5081463,-0.1025339
51.5033171,-0.1047192
51.4961587,-0.1404936
51.5135474,-0.0818435
51.505996,-0.115015
51.4896276,-0.135039
51.4854252,-0.12352
51.4850606,-0.1235977
51.5133205,-0.0999854
51.5133984,-0.1001859
51.5118468,-0.1000953
51.4975801,-0.0983738
51.5090441,-0.0831681
51.5121801,-0.0836863
51.5146603,-0.081032
51.5147902,-0.0809501
51.5143598,-0.0813695
51.514601,-0.083616
51.5146405,-0.0835607
51.5127492,-0.0812625
51.5118643,-0.0811677
51.5127065,-0.0836318
51.5122312,-0.1016726
51.5126352,-0.1015267
51.5130862,-0.1013948
51.497993,-0.1437658
51.495503,-0.143319
51.4980358,-0.1358345
51.5143597,-0.1321463
51.5163032,-0.1209811
51.5149513,-0.1240009
51.5147163,-0.1267904
51.515471,-0.126639
51.5164397,-0.1239145
51.5122838,-0.1232899
51.5127658,-0.1235259
51.5140402,-0.124517
51.5139281,-0.1454385
51.5141232,-0.1454459
51.5110556,-0.1319754
51.5111069,-0.13112
51.5117957,-0.1293438
51.5125616,-0.1301492
51.5124318,-0.1303879
51.5121005,-0.1313062
51.5134461,-0.1315987
51.5133929,-0.1311981
51.5140163,-0.131864
51.5140725,-0.1317316
51.5128475,-0.1318844
51.5103146,-0.0961506
51.515631,-0.132367
51.502591,-0.116556
51.4994828,-0.117015
51.494553,-0.1202077
51.4891895,-0.1226162
51.4891743,-0.1225365
51.4869731,-0.1233151
51.4859352,-0.1234183
51.5003732,-0.1194809
51.5149027,-0.1370986
51.5147905,-0.132189
51.5149347,-0.1316741
51.5148755,-0.1366742
51.5160188,-0.1338329
51.5161096,-0.1330003
51.516147,-0.1326999
51.5162004,-0.1320562
51.5162272,-0.1316528
51.5162432,-0.1315155
51.5162592,-0.1313266
51.5154788,-0.1344921
51.5156749,-0.134596
51.5153723,-0.1353755
51.515026,-0.1339992
51.5147844,-0.1351362
51.5141184,-0.1338685
51.5143584,-0.1347904
51.5144982,-0.1348944
51.5145775,-0.1349614
51.5146776,-0.1350386
51.5154505,-0.1412637
51.5157219,-0.1404427
51.5157395,-0.139327
51.5157606,-0.1394753
51.5154901,-0.138873
51.515527,-0.138806
51.5156256,-0.1385554
51.515632,-0.1378603
51.5156849,-0.1371759
51.515693,-0.1371143
51.5157121,-0.1369122
51.5157202,-0.1368392
51.5160868,-0.1368957
51.5156086,-0.1366944
51.5154427,-0.1365975
51.5157615,-0.1363336
51.5157912,-0.1361019
51.5157802,-0.1359796
51.5160223,-0.136054
51.5160566,-0.136066
51.5163212,-0.1359571
51.5165038,-0.1360625
51.5164065,-0.1360004
51.5161134,-0.135248
51.5109448,-0.1141854
51.5159856,-0.1348555
51.5161841,-0.1347211
51.5158978,-0.1339142
51.5166209,-0.1350032
51.5168001,-0.1352415
51.5161254,-0.1343233
51.4923457,-0.1398816
51.4922848,-0.140215
51.4927802,-0.1404299
51.4928364,-0.1405008
51.4931487,-0.1414729
51.4933596,-0.1416817
51.493775,-0.1416142
51.494201,-0.1420233
51.494743,-0.1423945
51.4948485,-0.1425084
51.4948801,-0.1425295
51.4950382,-0.1424767
51.496262,-0.1432272
51.4966118,-0.1431256
51.4970623,-0.1447675
51.4971545,-0.1446938
51.4976609,-0.1443229
51.4977584,-0.1442529
51.4980507,-0.144364
51.4980659,-0.1444822
51.4984401,-0.1436684
51.4972325,-0.1446421
51.4989167,-0.1431274
51.4989613,-0.1428793
51.4989724,-0.1289535
51.4954511,-0.1282044
51.494914,-0.127065
51.4956883,-0.1266333
51.496148,-0.126349
51.4939187,-0.1266182
51.492195,-0.127926
51.4909336,-0.1288931
51.4896729,-0.1301416
51.4894674,-0.131048
51.489547,-0.1312224
51.489635,-0.1312901
51.4890912,-0.1337719
51.4886618,-0.1344851
51.4887417,-0.1351433
51.5161217,-0.1344066
51.5162688,-0.133627
51.5163095,-0.1332647
51.5163188,-0.1331227
51.5161257,-0.1326484
51.5163881,-0.1325746
51.5164648,-0.1326964
51.5162013,-0.1324903
51.5164089,-0.1323015
51.5161677,-0.1321557
51.5161791,-0.1320476
51.5164362,-0.1319875
51.5162058,-0.1317129
51.516453,-0.1317921
51.5162165,-0.1314983
51.5164636,-0.1315562
51.5162841,-0.1310247
51.5164974,-0.1308351
51.5162325,-0.131258
51.5044522,-0.0872589
51.5138236,-0.1325222
51.5145742,-0.1330835
51.5132059,-0.1276264
51.5167688,-0.1288234
51.516674,-0.129274
51.5168697,-0.1318047
51.5166901,-0.1322384
51.490329,-0.0936909
51.5038263,-0.0884266
51.4850953,-0.1047126
51.4867669,-0.1028751
51.4869555,-0.1018648
51.4889386,-0.0984374
51.5123158,-0.1284075
51.5125564,-0.1285576
51.5128867,-0.1287264
51.5129066,-0.1288831
51.5128622,-0.1291025
51.5130031,-0.1291018
51.513179,-0.128808
51.5140094,-0.1292936
51.5143814,-0.1294828
51.5154914,-0.1292052
51.5033871,-0.1137877
51.5024485,-0.1108039
51.4975768,-0.1258348
51.4906772,-0.1266205
51.4912621,-0.1261008
51.4903952,-0.1267883
51.4897358,-0.1275341
51.4861803,-0.1263917
51.4901596,-0.1266552
51.4905888,-0.1263085
51.4909201,-0.1259657
51.499312,-0.113844
51.4976586,-0.1337726
51.4935173,-0.1373002
51.4921457,-0.1361705
51.4947085,-0.1413455
51.5151695,-0.1302839
51.51426,-0.1065248
51.5046306,-0.0843494
51.5046787,-0.0841177
51.5161885,-0.1234335
51.5004489,-0.0854712
51.5046288,-0.0837009
51.505282,-0.0850079
51.5053607,-0.0852426
51.4880567,-0.1381746
51.4880952,-0.139238
51.4879456,-0.1402336
51.507464,-0.1451188
51.514948,-0.1305547
51.4937704,-0.1419777
51.4876214,-0.141071
51.4897617,-0.1352903
51.4880708,-0.1411013
51.4875175,-0.1420561
51.4875388,-0.1422496
51.4888438,-0.1398378
51.4912273,-0.1372972
51.511912,-0.1234378
51.5141971,-0.0808213
51.4867883,-0.1451291
51.4976384,-0.1421541
51.4968228,-0.1417364
51.4966967,-0.14144
51.4964445,-0.1425935
51.5127708,-0.1092461
51.4967839,-0.1448552
51.491728,-0.1459764
51.4906591,-0.1448259
51.4906678,-0.1448525
51.490119,-0.1436245
51.4906084,-0.1446878
51.489929,-0.1374844
51.5142354,-0.1444639
51.4952162,-0.0842289
51.5150295,-0.1185194
51.513638,-0.1202415
51.512894,-0.1209174
51.5109694,-0.122454
51.4995107,-0.1296499
51.500809,-0.1315786
51.4995745,-0.1326273
51.5103873,-0.1366452
51.5106233,-0.1368018
51.5110851,-0.138781
51.503624,-0.082832
51.5163033,-0.098606
51.5161597,-0.1121489
51.5154788,-0.1244458
51.5140187,-0.1260526
51.5154102,-0.1266392
51.5146691,-0.1199612
51.4942478,-0.0925989
51.4942816,-0.0919754
51.4942989,-0.0912889
51.5041675,-0.1063447
51.5048995,-0.1154918
51.5124342,-0.0984519
51.5116579,-0.0982012
51.5134134,-0.0970892
51.5133651,-0.0968015
51.5133464,-0.0965522
51.5151711,-0.0986229
51.5170037,-0.1029922
51.5108632,-0.1107597
51.5094937,-0.1187204
51.49429,-0.0918224
51.4942955,-0.0917047
51.4943048,-0.0913699
51.514496,-0.0956528
51.4871036,-0.0953529
51.494751,-0.0987347
51.4919737,-0.0983649
51.494232,-0.0907539
51.4944832,-0.0905651
51.5026285,-0.1079845
51.4986215,-0.1300056
51.496952,-0.1292594
51.4955293,-0.1282126
51.4904415,-0.1281738
51.5082327,-0.1401262
51.4891759,-0.1144675
51.4968567,-0.1411202
51.5049868,-0.0862589
51.5144288,-0.1250896
51.513721,-0.1234159
51.51706,-0.1305018
51.5157641,-0.1327072
51.51503,-0.1312928
51.51482,-0.1317656
51.51428,-0.1313688
51.51406,-0.131096
51.514233,-0.1311932
51.5138603,-0.1297497
51.513966,-0.1293308
51.514023,-0.129653
51.514103,-0.1296856
51.51413,-0.1297182
51.5156771,-0.1285955
51.516617,-0.1281359
51.5133167,-0.1433052
51.5138402,-0.14158
51.514385,-0.1427731
51.5084599,-0.1392564
51.5084545,-0.1391363
51.5085347,-0.1388616
51.509117,-0.1366472
51.5091864,-0.1364069
51.510196,-0.1388702
51.5101319,-0.1388273
51.5101426,-0.1398487
51.5097905,-0.1416369
51.5100411,-0.1397457
51.5100091,-0.1396856
51.509977,-0.1396427
51.5086133,-0.141249
51.5088186,-0.1412206
51.5100571,-0.137866
51.5105434,-0.1376258
51.5105581,-0.1370805
51.5103989,-0.1368734
51.51354,-0.1432487
51.5140859,-0.1444553
51.5146414,-0.1424126
51.5146147,-0.1426014
51.5145827,-0.1427817
51.514417,-0.1425842
51.5142408,-0.1431593
51.5140271,-0.1430906
51.5138402,-0.1430906
51.5137867,-0.1429104
51.5125636,-0.1411222
51.5118424,-0.1425499
51.5139149,-0.1422409
51.5139149,-0.1462749
51.5135731,-0.1443008
51.5148337,-0.1439833
51.5147001,-0.1443008
51.5145826,-0.1442322
51.5144598,-0.1434339
51.514385,-0.143803
51.5135624,-0.1439575
51.5122989,-0.1446942
51.5123338,-0.143803
51.5126223,-0.1455711
51.513274,-0.1415544
51.5134716,-0.1417518
51.5135731,-0.1415886
51.513805,-0.1417757
51.5137817,-0.1418994
51.5136158,-0.1426872
51.5135784,-0.142876
51.5134182,-0.1429447
51.5133915,-0.1431679
51.5132205,-0.1437258
51.5121245,-0.1452484
51.5114667,-0.1193
51.5117951,-0.1196214
51.5118058,-0.1215698
51.5114911,-0.1233139
51.512623,-0.1213724
51.5126863,-0.1210031
51.5131946,-0.1218101
51.5132907,-0.1216728
51.5132266,-0.1217414
51.5135471,-0.1225482
51.5136335,-0.1223657
51.5136414,-0.1223577
51.513664,-0.1223396
51.513691,-0.1223128
51.5137169,-0.1222894
51.5139905,-0.126917
51.5135845,-0.1269943
51.5129233,-0.1277671
51.5126353,-0.1277697
51.5126658,-0.12702
51.5119002,-0.1266042
51.5112075,-0.1249343
51.510246,-0.1264965
51.510278,-0.1261274
51.5101124,-0.1281787
51.5133762,-0.1293804
51.5104436,-0.1425983
51.5088337,-0.1240559
51.506796,-0.12525
51.5095114,-0.1328829
51.5117188,-0.1396041
51.5112361,-0.1432738
51.5121034,-0.1418443
51.5085058,-0.145113
51.5076489,-0.1449402
51.5069556,-0.1433628
51.5072515,-0.1435722
51.5071202,-0.1436015
51.5090309,-0.1445799
51.5089653,-0.1442167
51.5093263,-0.1433379
51.5089908,-0.1429688
51.5081448,-0.1418557
51.5080719,-0.1418029
51.5075104,-0.1414456
51.5078203,-0.1407425
51.5083679,-0.1414486
51.5088522,-0.1418322
51.5092679,-0.1420431
51.5110618,-0.1414893
51.5113317,-0.1417854
51.5098253,-0.1441511
51.5107702,-0.1444276
51.5107589,-0.1440115
51.4977569,-0.135521
51.5080455,-0.1063789
51.5131764,-0.1043325
51.5140031,-0.1041613
51.5138244,-0.111797
51.5138941,-0.1118364
51.512948,-0.1135429
51.5129272,-0.1137428
51.5123457,-0.1171214
51.5135306,-0.1178825
51.5138913,-0.1183581
51.5140514,-0.118367
51.5140883,-0.1183907
51.5110032,-0.1390903
51.5104048,-0.1387427
51.5103941,-0.1390173
51.5103193,-0.1392148
51.5098706,-0.1412489
51.5114298,-0.1426963
51.5111099,-0.1399271
51.5111847,-0.1396267
51.5106137,-0.1421319
51.5160943,-0.119616
51.5165266,-0.1198517
51.5169101,-0.1231431
51.516623,-0.123983
51.515782,-0.1258788
51.5156006,-0.1284848
51.5156098,-0.1284315
51.5169481,-0.1335733
51.5163629,-0.133035
51.5124813,-0.1460656
51.5131528,-0.1150236
51.5112388,-0.1371747
51.511992,-0.1381834
51.5114833,-0.1376448
51.5114951,-0.136707
51.5115701,-0.1365233
51.5118067,-0.1367514
51.5119802,-0.1372773
51.5111757,-0.1363142
51.5125323,-0.1373787
51.5115295,-0.1353777
51.5125621,-0.1356465
51.512705,-0.1364036
51.5072912,-0.1058239
51.5124678,-0.1187857
51.5130468,-0.1176821
51.5132418,-0.1165685
51.5131464,-0.1149715
51.5143511,-0.0838296
51.5003832,-0.0818412
51.5126013,-0.0814514
51.5119412,-0.0825832
51.5120133,-0.0824135
51.5119916,-0.0821694
51.5118127,-0.0820271
51.5117851,-0.0820271
51.5116436,-0.0822566
51.5126957,-0.0809685
51.510035,-0.0901008
51.500691,-0.0889173
51.5161737,-0.0839837
51.5162902,-0.0840389
51.516236,-0.0839612
51.5135867,-0.1230303
51.511361,-0.12728
51.5115674,-0.127321
51.5113057,-0.1321587
51.4943815,-0.0907807
51.5136349,-0.101093
51.5136135,-0.1009187
51.5145526,-0.0987287
51.5035808,-0.1135399
51.5066359,-0.0905064
51.4897845,-0.0967372
51.4898615,-0.0964618
51.4898138,-0.0967017
51.4892056,-0.0964723
51.488758,-0.0958318
51.4883477,-0.0956198
51.4884238,-0.0956624
51.4881096,-0.095477
51.4875238,-0.0952298
51.4867245,-0.0950299
51.4869799,-0.0949055
51.4863534,-0.0948737
51.4858868,-0.093984
51.4862388,-0.0946478
51.4862779,-0.0944375
51.4858637,-0.0941037
51.4857805,-0.0940069
51.4858215,-0.094297
51.4854763,-0.0938134
51.5072145,-0.105725
51.506414,-0.1024419
51.5060659,-0.1016169
51.505893,-0.1005251
51.5058157,-0.0998227
51.5141779,-0.1000039
51.5141138,-0.1002013
51.4991162,-0.0966571
51.4991358,-0.0965982
51.4991612,-0.0965593
51.5047793,-0.0843013
51.5047001,-0.084459
51.5046413,-0.0846993
51.5044883,-0.0840874
51.5044786,-0.0845566
51.512771,-0.1302468
51.5146433,-0.1321284
51.5145848,-0.1320613
51.51337,-0.1292895
51.513204,-0.1323026
51.5140619,-0.1326231
51.5143791,-0.1329218
51.5156775,-0.1324134
51.5150632,-0.141263
51.5134272,-0.1408549
51.5136676,-0.1394706
51.511212,-0.1378308
51.5137808,-0.1354043
51.5136431,-0.135737
51.513594,-0.135985
51.5118928,-0.1293673
51.5170887,-0.1382731
51.4864408,-0.1195017
51.507551,-0.109921
51.5138857,-0.1045681
51.494766,-0.098953
51.506891,-0.140553
51.4988391,-0.130962
51.4988136,-0.1310317
51.4976998,-0.1342309
51.4954848,-0.135509
51.4945705,-0.1365273
51.5055633,-0.138166
51.4924312,-0.1377957
51.485676,-0.123617
51.4860508,-0.1223291
51.4913245,-0.1181569
51.4941435,-0.1147731
51.4946488,-0.1138858
51.4973563,-0.111923
51.4994023,-0.1138002
51.5002053,-0.1136698
51.4970269,-0.1463463
51.4906364,-0.0964274
51.4891988,-0.0967107
51.4903313,-0.0967355
51.5036868,-0.1048803
51.5048036,-0.0859584
51.5046486,-0.0852975
51.5052416,-0.0859841
51.5051936,-0.085864
51.5048081,-0.0920473
51.4850826,-0.0938377
51.5045334,-0.0850349
51.5171089,-0.1260464
51.5085962,-0.1392662
51.497798,-0.1362062
51.5039709,-0.1316483
51.5149324,-0.0977564
51.5083128,-0.1025423
51.5041995,-0.0935508
51.5048141,-0.0911485
51.5048353,-0.0909682
51.5070136,-0.092562
51.506748,-0.0906
51.5050311,-0.0929206
51.5047445,-0.0925981
51.5022251,-0.092601
51.5009577,-0.0938676
51.500735,-0.0979538
51.5008117,-0.0981308
51.5007848,-0.0989164
51.5007339,-0.099016
51.5038303,-0.0952752
51.5138145,-0.1195535
51.5082639,-0.1020719
51.515083,-0.122561
51.5150509,-0.1226127
51.5153397,-0.1224929
51.5155769,-0.1225998
51.5156388,-0.1232485
51.5157142,-0.12043
51.505003,-0.0836263
51.494009,-0.091878
51.4873206,-0.1251413
51.4875312,-0.1249214
51.4922973,-0.1217716
51.4922067,-0.1218037
51.4922534,-0.1217876
51.4960846,-0.120596
51.5049229,-0.1160324
51.4942505,-0.0931439
51.494703,-0.098369
51.4996819,-0.0955328
51.506019,-0.0878498
51.5060831,-0.0877411
51.496516,-0.088581
51.4951135,-0.0863576
51.4935308,-0.09926
51.4947011,-0.0984618
51.4955682,-0.0996143
51.49883,-0.0930711
51.4945266,-0.1004072
51.4956078,-0.0997229
51.512132,-0.1199911
51.5057003,-0.1381857
51.5063848,-0.1390036
51.5071838,-0.1396876
51.5061502,-0.144397
51.505483,-0.1457646
51.496333,-0.093631
51.4968477,-0.0943469
51.4967687,-0.0942319
51.4981232,-0.0908478
51.490282,-0.092363
51.5011196,-0.1246162
51.5011784,-0.1181531
51.5020386,-0.1178012
51.5022577,-0.1177239
51.5021615,-0.1177754
51.4947177,-0.0985819
51.494852,-0.098011
51.494609,-0.098312
51.4973961,-0.1035181
51.4998813,-0.10693
51.5017722,-0.1092101
51.5040231,-0.111927
51.5043217,-0.1141792
51.5135,-0.1178402
51.5065753,-0.1392875
51.489751,-0.096514
51.51706,-0.1425799
51.5167644,-0.1407557
51.5105808,-0.1205828
51.5057514,-0.0995701
51.5059196,-0.0992147
51.5057059,-0.0992629
51.5062602,-0.0994777
51.49484,-0.088072
51.49882,-0.096363
51.5108098,-0.1318237
51.5111838,-0.1316434
51.5107404,-0.130974
51.5101368,-0.1297208
51.5114402,-0.1304847
51.507257,-0.1285023
51.5072457,-0.12841
51.507307,-0.12839
51.507322,-0.126622
51.4933629,-0.1422955
51.5011229,-0.1381281
51.512768,-0.0841268
51.5132469,-0.0946381
51.5169733,-0.1047162
51.4972414,-0.0942931
51.4853958,-0.1342702
51.4848268,-0.1378552
51.4853025,-0.1363188
51.509538,-0.1238923
51.5035341,-0.0815327
51.516201,-0.108017
51.514375,-0.109642
51.512866,-0.113392
51.5131629,-0.1304553
51.5129363,-0.1319643
51.5151393,-0.130809
51.5151073,-0.1306545
51.4949624,-0.0970625
51.5167678,-0.1281612
51.516805,-0.126909
51.5001175,-0.1141674
51.5069013,-0.1221279
51.5066983,-0.1227202
51.5072379,-0.126943
51.5089474,-0.1295695
51.5093861,-0.1298025
51.5088138,-0.1305394
51.5100638,-0.1303162
51.5069815,-0.1253809
51.4980529,-0.0907216
51.4953629,-0.0862451
51.4944705,-0.0844083
51.511713,-0.1217072
51.5117985,-0.1230517
51.5121136,-0.1223938
51.5117228,-0.1285608
51.5123586,-0.1332174
51.4999411,-0.1064635
51.5028008,-0.1113183
51.5027405,-0.1112536
51.4983308,-0.1048293
51.5068924,-0.0912899
51.499994,-0.104539
51.503423,-0.104474
51.5110299,-0.1190482
51.51227,-0.121606
51.51219,-0.12182
51.511946,-0.123355
51.511569,-0.122974
51.5113667,-0.1233137
51.515143,-0.130148
51.4899771,-0.1462735
51.507335,-0.122896
51.507051,-0.122338
51.508056,-0.124333
51.508257,-0.124649
51.4888341,-0.0912343
51.4892444,-0.0904258
51.5026134,-0.1168689
51.5026748,-0.1171122
51.5013379,-0.1194501
51.5094769,-0.1305782
51.515944,-0.0841022
51.5166493,-0.083303
51.5057562,-0.1157244
51.5067871,-0.112135
51.5081528,-0.1268627
51.5103662,-0.1300961
51.5079093,-0.1251537
51.507876,-0.125089
51.508103,-0.124392
51.5081029,-0.1244563
51.5081363,-0.1244617
51.5081029,-0.1245797
51.5082165,-0.1247138
51.5082198,-0.1246012
51.508153,-0.1248587
51.507973,-0.125288
51.5081564,-0.1244992
51.494683,-0.1355804
51.507562,-0.130895
51.5163241,-0.143367
51.4995143,-0.114193
51.5073168,-0.1288065
51.507023,-0.105956
51.5148675,-0.140807
51.514691,-0.1409747
51.5137136,-0.1256427
51.5151074,-0.1413059
51.516494,-0.142813
51.5165832,-0.1422465
51.5059668,-0.1012197
51.506317,-0.1021667
51.5041555,-0.105828
51.5040487,-0.1053398
51.5035011,-0.1054042
51.5032774,-0.1063359
51.5028675,-0.1075609
51.50248,-0.1087794
51.5023995,-0.1090438
51.502344,-0.1092033
51.5022461,-0.1093045
51.502373,-0.109712
51.5020715,-0.110278
51.5019685,-0.1106442
51.5014416,-0.1109101
51.5017315,-0.1110288
51.5013214,-0.1119396
51.5010525,-0.1119501
51.500804,-0.11298
51.4994788,-0.1141205
51.4987785,-0.1126685
51.4988466,-0.1127383
51.4981906,-0.1125025
51.4972909,-0.1121531
51.497157,-0.11209
51.497037,-0.111907
51.496276,-0.111521
51.4959409,-0.1116849
51.496263,-0.111816
51.495902,-0.113388
51.498049,-0.113144
51.498961,-0.112932
51.49938,-0.114001
51.5012906,-0.1158882
51.501583,-0.117893
51.501358,-0.118106
51.50231,-0.117716
51.502499,-0.11761
51.502732,-0.117384
51.5010382,-0.1186688
51.49892,-0.112485
51.4948102,-0.0887005
51.4950191,-0.0881809
51.5072231,-0.128274
51.50694,-0.127218
51.5067686,-0.1272774
51.506303,-0.1269166
51.507422,-0.126833
51.5008264,-0.1132835
51.5075104,-0.1218098
51.4949568,-0.0883294
51.4948912,-0.0884898
51.516947,-0.1269861
51.5020571,-0.1095279
51.504269,-0.114695
51.503982,-0.114963
51.503491,-0.115242
51.502853,-0.115854
51.498073,-0.143679
51.510076,-0.086329
51.509972,-0.086013
51.509397,-0.084036
51.5046434,-0.0944601
51.5050152,-0.0953563
51.5053968,-0.0952802
51.4937801,-0.08461
51.510472,-0.0870841
51.5109461,-0.0866818
51.511395,-0.136905
51.5063514,-0.0950883
51.509375,-0.134751
51.5163914,-0.1421198
51.5155313,-0.1423725
51.5099323,-0.1332937
51.509704,-0.133266
51.509497,-0.133129
51.5093344,-0.1327678
51.5091438,-0.1339994
51.5092717,-0.1327033
51.5090311,-0.1324766
51.509168,-0.13223
51.509327,-0.132425
51.5093951,-0.1324927
51.5088842,-0.1323478
51.5084251,-0.1320349
51.50839,-0.131849
51.5081895,-0.1312628
51.5091805,-0.1256628
51.5097227,-0.1257228
51.5095002,-0.1264646
51.5125331,-0.11461
51.5125085,-0.1147328
51.5089214,-0.1259481
51.496792,-0.100188
51.500118,-0.104834
51.5005383,-0.1076987
51.50496,-0.1063647
51.504847,-0.107881
51.5038901,-0.1117631
51.5039523,-0.11184
51.505134,-0.113181
51.5052729,-0.1126725
51.505388,-0.112376
51.5072375,-0.1061088
51.5061851,-0.1004164
51.5051529,-0.0978083
51.505554,-0.097204
51.507782,-0.094529
51.505209,-0.089822
51.5053997,-0.0909664
51.5135085,-0.1402533
51.494763,-0.09925
51.5138818,-0.1228683
51.5112207,-0.1198525
51.5109963,-0.1203719
51.5114769,-0.1269517
51.5098617,-0.1232101
51.5098024,-0.1233473
51.4934524,-0.1044344
51.4951853,-0.1107507
51.4931613,-0.1107292
51.511515,-0.11924
51.511818,-0.128528
51.494193,-0.099664
51.5012942,-0.1116071
51.488121,-0.106074
51.495674,-0.101186
51.497507,-0.103509
51.498178,-0.10433
51.4980823,-0.1043329
51.4980006,-0.1042184
51.4984691,-0.1110191
51.5115704,-0.1269194
51.512966,-0.127293
51.5126884,-0.1270433
51.513513,-0.127203
51.513641,-0.1271954
51.513912,-0.127144
51.514205,-0.126673
51.51459,-0.126555
51.514961,-0.126725
51.51513,-0.126636
51.514755,-0.126982
51.515332,-0.126555
51.5154713,-0.1279597
51.5133903,-0.128708
51.5127801,-0.1279812
51.512812,-0.12841
51.512798,-0.128558
51.5126945,-0.1290304
51.5114871,-0.1276571
51.51174,-0.127564
51.5114852,-0.126619
51.511557,-0.126143
51.511461,-0.125812
51.511419,-0.125664
51.511488,-0.12601
51.5112672,-0.1254188
51.5112919,-0.1248411
51.5107624,-0.1210538
51.510703,-0.120308
51.4997039,-0.1069541
51.506235,-0.1463091
51.4894265,-0.093757
51.488455,-0.093289
51.487872,-0.094495
51.4881438,-0.0941217
51.5139081,-0.1028624
51.5072867,-0.1062799
51.511823,-0.102074
51.5124652,-0.1039466
51.5125738,-0.1039546
51.511841,-0.102086
51.5090362,-0.1331497
51.4947037,-0.1004023
51.4892275,-0.0960997
51.5147927,-0.1377517
51.513265,-0.140323
51.5128824,-0.1395141
51.512851,-0.1394128
51.5126149,-0.139201
51.5166104,-0.0828888
51.512587,-0.121018
51.512318,-0.098652
51.5121572,-0.1296214
51.4963284,-0.1422686
51.49535,-0.14404
51.4934342,-0.1412552
51.495202,-0.144116
51.495049,-0.144201
51.495197,-0.144278
51.494785,-0.144549
51.4920935,-0.1405788
51.4921519,-0.1403605
51.4921244,-0.1404722
51.4924587,-0.1393933
51.503116,-0.111883
51.5031248,-0.111744
51.503236,-0.11183
51.511254,-0.089658
51.506473,-0.146344
51.50641,-0.146301
51.506691,-0.143035
51.505906,-0.144537
51.505953,-0.1444621
51.5062922,-0.1440178
51.5063523,-0.1438676
51.50662,-0.143255
51.5163222,-0.0823157
51.505093,-0.084512
51.507615,-0.1017216
51.507768,-0.1401447
51.507626,-0.141379
51.507177,-0.142035
51.5078281,-0.1408206
51.507975,-0.1395653
51.5080618,-0.1393186
51.5088261,-0.1378709
51.5089,-0.137611
51.5088965,-0.1374625
51.5089766,-0.1372264
51.5089766,-0.1364325
51.509285,-0.137625
51.509517,-0.137838
51.509732,-0.137991
51.509844,-0.137931
51.510929,-0.139767
51.510987,-0.139561
51.5159601,-0.1424199
51.5157047,-0.1427645
51.5159135,-0.1427301
51.5072244,-0.1157002
51.515927,-0.144464
51.515968,-0.144178
51.5156364,-0.1443448
51.5160174,-0.1446908
51.515132,-0.144285
51.5151953,-0.1442789
51.5150639,-0.1409769
51.5057009,-0.1173971
51.4923649,-0.0935589
51.495514,-0.103171
51.5121768,-0.1302045
51.512097,-0.129846
51.512056,-0.129997
51.512003,-0.13012
51.511716,-0.131241
51.51197,-0.131424
51.511859,-0.131354
51.511783,-0.131311
51.511649,-0.131123
51.511619,-0.131257
51.511589,-0.131713
51.511332,-0.132035
51.5115259,-0.1319403
51.5114833,-0.132068
51.511542,-0.132464
51.511496,-0.132437
51.511432,-0.132373
51.511849,-0.132416
51.511652,-0.132834
51.511479,-0.133253
51.515755,-0.131914
51.501167,-0.12507
51.4894563,-0.1148192
51.499712,-0.0815705
51.5045039,-0.0829866
51.5170044,-0.1458434
51.488632,-0.095747
51.48865,-0.096066
51.5002041,-0.1321145
51.504794,-0.095399
51.500314,-0.0815401
51.4978985,-0.0815936
51.4981251,-0.0814314
51.5084741,-0.1461879
51.505967,-0.087685
51.5129862,-0.1315168
51.5130337,-0.1313963
51.5128785,-0.1318095
51.513184,-0.13095
51.513916,-0.131561
51.5138135,-0.1314824
51.5137501,-0.1314395
51.5136366,-0.131359
51.5135765,-0.1313161
51.5134563,-0.1312464
51.513842,-0.131803
51.51482,-0.131522
51.5126285,-0.1317482
51.512756,-0.131738
51.512655,-0.131944
51.512175,-0.131625
51.512387,-0.131539
51.5125165,-0.1317833
51.512558,-0.130707
51.512373,-0.130658
51.5128153,-0.1301199
51.513019,-0.129279
51.512936,-0.129418
51.512826,-0.129622
51.512973,-0.130282
51.5128554,-0.1301628
51.51333,-0.130309
51.5126275,-0.1328738
51.512915,-0.130928
51.512965,-0.130805
51.512985,-0.130703
51.512804,-0.130767
51.512834,-0.131132
51.513065,-0.131062
51.512968,-0.131009
51.512858,-0.131073
51.50982,-0.13018
51.5095693,-0.1298088
51.50986,-0.129923
51.509557,-0.13011
51.509333,-0.130041
51.508902,-0.130126
51.508181,-0.13011
51.508231,-0.129697
51.5133615,-0.1377718
51.5041401,-0.0820074
51.5040845,-0.0818712
51.4994015,-0.0812575
51.5128973,-0.1380366
51.5133258,-0.1363794
51.5171828,-0.0970164
51.508803,-0.144321
51.5041212,-0.1011133
51.5135406,-0.0829611
51.5135614,-0.0808059
51.5048046,-0.0827351
51.4977729,-0.0814902
51.5034217,-0.1152919
51.48997,-0.096525
51.4928145,-0.1000797
51.4927651,-0.10028
51.510878,-0.136711
51.492356,-0.098878
51.4940191,-0.1000924
51.4945802,-0.0996418
51.5132332,-0.1251205
51.5083202,-0.1461506
51.5093025,-0.1445214
51.5092543,-0.1445192
51.5093259,-0.1444289
51.5096242,-0.1450313
51.510638,-0.1453853
51.4929272,-0.0915921
51.5045251,-0.0839733
51.500624,-0.116915
51.5161646,-0.1425125
51.5160453,-0.1424573
51.5083911,-0.1321483
51.508409,-0.1320952
51.5084846,-0.1319633
51.5037073,-0.1122236
51.5030395,-0.1137042
51.514831,-0.1221446
51.5155449,-0.1207765
51.504196,-0.083149
51.5064613,-0.1270146
51.5135167,-0.0938786
51.5134004,-0.094059
51.5138693,-0.0935309
51.5144535,-0.0938096
51.5138286,-0.093132
51.5137972,-0.0932025
51.5039593,-0.1046495
51.4976029,-0.0812871
51.5115391,-0.0815711
51.5115866,-0.0816824
51.513508,-0.131557
51.5147054,-0.0810101
51.512062,-0.129839
51.512183,-0.129645
51.512012,-0.129802
51.511955,-0.129759
51.512025,-0.134796
51.5133638,-0.1364176
51.5137643,-0.1354633
51.512997,-0.133788
51.5129589,-0.1334565
51.5102085,-0.1315743
51.510284,-0.132427
51.509558,-0.131766
51.509496,-0.131888
51.509438,-0.131987
51.509384,-0.132104
51.509772,-0.130617
51.49223,-0.093391
51.5006284,-0.1078033
51.5001,-0.107491
51.5036587,-0.0817572
51.5037455,-0.0810443
51.5039552,-0.0815327
51.4989436,-0.0899327
51.5077334,-0.1304492
51.507251,-0.132266
51.5063351,-0.1320711
51.50601,-0.1359241
51.505921,-0.13621
51.5062659,-0.1373939
51.5063001,-0.138142
51.505927,-0.1382597
51.5059535,-0.1378878
51.505838,-0.138177
51.5058377,-0.1378493
51.5057599,-0.1377593
51.5056673,-0.138046
51.506199,-0.138693
51.505571,-0.139734
51.506387,-0.139377
51.506366,-0.139123
51.5068419,-0.1398312
51.506954,-0.139573
51.507061,-0.139691
51.507662,-0.139151
51.5078479,-0.138501
51.5084503,-0.1369125
51.508252,-0.136444
51.508528,-0.13652
51.508048,-0.136253
51.508576,-0.136429
51.508171,-0.136383
51.5088286,-0.1358278
51.508638,-0.135109
51.509141,-0.134776
51.509065,-0.133947
51.509002,-0.1338829
51.509269,-0.133657
51.4963009,-0.0827908
51.4963541,-0.0827359
51.4868535,-0.1426944
51.494997,-0.084128
51.495478,-0.083377
51.495661,-0.083087
51.496847,-0.081049
51.504169,-0.105598
51.5125525,-0.1205036
51.4955328,-0.1323881
51.500832,-0.108625
51.5042,-0.106644
51.487374,-0.10146
51.48831,-0.109984
51.488821,-0.111077
51.4887801,-0.1106623
51.487351,-0.107454
51.487853,-0.106515
51.487756,-0.106569
51.48681,-0.102074
51.4883938,-0.0989103
51.488861,-0.098159
51.489048,-0.097703
51.5118567,-0.1222786
51.4962039,-0.082883
51.507464,-0.109479
51.507423,-0.109498
51.50634,-0.145489
51.506698,-0.145675
51.5069435,-0.1460734
51.5158617,-0.1406815
51.5165452,-0.141279
51.5161744,-0.1407385
51.5156856,-0.140565
51.5170079,-0.1415043
51.5168767,-0.1396433
51.5091598,-0.1271314
51.5103183,-0.1268621
51.5112792,-0.1281202
51.510869,-0.127728
51.5108826,-0.1274426
51.510859,-0.128093
51.511192,-0.127852
51.511733,-0.128538
51.515293,-0.135598
51.515652,-0.135771
51.5157345,-0.1356594
51.515325,-0.135621
51.5153677,-0.1356561
51.5121301,-0.0851628
51.5127008,-0.0848973
51.5124628,-0.0832116
51.5126965,-0.0834306
51.5127691,-0.0834132
51.5135167,-0.0832261
51.5125899,-0.1332553
51.5137968,-0.1299214
51.5137668,-0.1300018
51.5134129,-0.1300394
51.5138235,-0.1298355
51.5107,-0.128257
51.486817,-0.095226
51.496716,-0.1444785
51.509045,-0.136894
51.509204,-0.136433
51.509482,-0.135469
51.509508,-0.135008
51.509548,-0.134945
51.507968,-0.131124
51.491751,-0.093005
51.4929251,-0.100133
51.5171134,-0.1316867
51.5168497,-0.1319227
51.5167529,-0.1323304
51.5165793,-0.1326737
51.5165559,-0.1330278
51.5034352,-0.1204719
51.5129934,-0.1374195
51.5130398,-0.1375061
51.512785,-0.1367616
51.5127464,-0.1364311
51.5128256,-0.1365874
51.5132524,-0.1367241
51.5141825,-0.1369276
51.5136547,-0.1365251
51.5142132,-0.1366475
51.5144846,-0.136775
51.5144501,-0.1370859
51.511096,-0.087252
51.511191,-0.087829
51.5112841,-0.0882515
51.511348,-0.088611
51.511328,-0.088512
51.511572,-0.089838
51.512573,-0.090096
51.5108718,-0.0871854
51.5105566,-0.0867273
51.509736,-0.086853
51.511112,-0.089648
51.509227,-0.087025
51.5090781,-0.0870511
51.5153077,-0.1176724
51.5161904,-0.1134097
51.491796,-0.087133
51.491734,-0.087267
51.512594,-0.114881
51.512391,-0.115414
51.5125635,-0.0836537
51.5143263,-0.1258127
51.502446,-0.0924833
51.5115453,-0.1285882
51.5087144,-0.1334104
51.486641,-0.0929078
51.49401,-0.091573
51.5060579,-0.0822906
51.5060625,-0.08232
51.5060095,-0.0820267
51.508774,-0.0967962
51.50078,-0.117308
51.5050657,-0.0845356
51.51014,-0.082228
51.510211,-0.082476
51.510343,-0.082455
51.5094558,-0.0845062
51.510093,-0.085574
51.491897,-0.099543
51.5094625,-0.0841844
51.5163635,-0.1444782
51.514958,-0.125142
51.514796,-0.124808
51.498272,-0.1046422
51.4985819,-0.1053292
51.4977315,-0.1038595
51.4984417,-0.1048767
51.514314,-0.0993426
51.513147,-0.0992559
51.5131661,-0.0994135
51.5132501,-0.0997741
51.513199,-0.0995733
51.513509,-0.100286
51.5137811,-0.1008
51.5136512,-0.10121
51.5136928,-0.1015894
51.5137364,-0.1018968
51.513466,-0.100932
51.5138644,-0.1010988
51.514251,-0.102233
51.4953813,-0.0836413
51.5127497,-0.1034726
51.5130301,-0.1012249
51.5129032,-0.1012785
51.5128298,-0.1013161
51.5136496,-0.1043955
51.5142599,-0.1034279
51.494877,-0.084571
51.494933,-0.084513
51.496291,-0.082467
51.511225,-0.118207
51.5111823,-0.1181733
51.5106213,-0.1168157
51.5112453,-0.1181384
51.5103781,-0.1177473
51.5127901,-0.1248257
51.5112131,-0.1180203
51.4965816,-0.0808145
51.5129143,-0.1094246
51.5125504,-0.1106326
51.5152835,-0.121581
51.5153752,-0.1214648
51.5145562,-0.1094624
51.5147056,-0.1092953
51.5151316,-0.1097296
51.5147486,-0.1085095
51.495751,-0.125662
51.5126389,-0.1082695
51.513202,-0.1080434
51.5128843,-0.1081272
51.5132073,-0.1014052
51.5132374,-0.1015071
51.5132975,-0.101704
51.5133275,-0.1018443
51.5133442,-0.1020465
51.513174,-0.1013169
51.5147339,-0.1372765
51.5147313,-0.1370037
51.514765,-0.1360236
51.5143591,-0.1365763
51.5143372,-0.1366686
51.5140792,-0.1354989
51.5146216,-0.1356355
51.5143707,-0.1357076
51.5141769,-0.1362716
51.5145075,-0.13579
51.5147596,-0.1352145
51.5156628,-0.1364965
51.514984,-0.1224126
51.5043385,-0.0821496
51.5036907,-0.1019014
51.5039916,-0.1011392
51.5164669,-0.1399825
51.5137032,-0.0858011
51.5128984,-0.0840488
51.5126831,-0.0827842
51.494134,-0.099223
51.5145359,-0.1383945
51.5146,-0.1380818
51.5143526,-0.1392938
51.5142687,-0.1406904
51.5145302,-0.1414919
51.5145799,-0.1405708
51.5143154,-0.1394202
51.5147081,-0.1408101
51.515388,-0.137696
51.5152719,-0.141099
51.5142905,-0.1395266
51.5153613,-0.1376799
51.514629,-0.1380087
51.5152088,-0.1413609
51.5142658,-0.1396564
51.5144949,-0.1388348
51.5150124,-0.1375163
51.5041666,-0.1313127
51.4956686,-0.1023189
51.5162648,-0.0904216
51.5117506,-0.1285566
51.4994728,-0.0867589
51.4915989,-0.1395768
51.490632,-0.097002
51.4907114,-0.0971265
51.490546,-0.096948
51.490528,-0.097289
51.5027821,-0.141025
51.5058489,-0.1420095
51.515853,-0.132801
51.514738,-0.122162
51.5112465,-0.1068391
51.5109707,-0.12567
51.5107087,-0.1241523
51.5110776,-0.1256359
51.5108312,-0.1247818
51.5110343,-0.124524
51.5110054,-0.1264028
51.5109607,-0.1267386
51.511025,-0.1260873
51.5109922,-0.1265669
51.5110388,-0.1259712
51.5107795,-0.1240088
51.5021076,-0.1103662
51.503813,-0.111935
51.513146,-0.117395
51.514654,-0.118675
51.515647,-0.119389
51.515893,-0.119652
51.515736,-0.119544
51.5154169,-0.1204976
51.5160445,-0.1235875
51.5079,-0.125377
51.517138,-0.1200297
51.507763,-0.123123
51.512501,-0.121362
51.507744,-0.123101
51.5170429,-0.0984949
51.5006193,-0.0945159
51.4993112,-0.0862959
51.486088,-0.124631
51.4882685,-0.1356287
51.4984545,-0.0858923
51.5008135,-0.0898251
51.4874938,-0.0891855
51.4905696,-0.0967052
51.4950715,-0.0859437
51.5021582,-0.0837935
51.5074778,-0.0964056
51.5160656,-0.0821208
51.5119412,-0.1207367
51.5156623,-0.1322115
51.5124806,-0.1331689
51.497843,-0.081639
51.4990306,-0.0855933
51.4914523,-0.0901289
51.4956538,-0.0869823
51.4903875,-0.0823848
51.513517,-0.123461
51.5134399,-0.1233061
51.513297,-0.12297
51.5134052,-0.1227833
51.513472,-0.122713
51.51355,-0.123368
51.51373,-0.124387
51.500205,-0.089018
51.500217,-0.087673
51.5014633,-0.1106665
51.4907978,-0.1394958
51.4890531,-0.1340782
51.4908771,-0.1396096
51.497727,-0.081062
51.5139117,-0.0928172
51.5003476,-0.0844458
51.5007309,-0.0915628
51.5008227,-0.0916298
51.500282,-0.091304
51.499603,-0.09099
51.514432,-0.1242803
51.50294,-0.088048
51.5060071,-0.092713
51.5009011,-0.0834731
51.5094277,-0.1243604
51.5116518,-0.1247158
51.507604,-0.123203
51.5076753,-0.124379
51.5078253,-0.1242901
51.507844,-0.123661
51.5071995,-0.1061898
51.5067373,-0.1032898
51.5020831,-0.0879541
51.5163448,-0.1396512
51.5163859,-0.1396809
51.5107506,-0.144067
51.5102122,-0.145634
51.511854,-0.1428092
51.5099357,-0.1388102
51.5119098,-0.137033
51.505736,-0.0997941
51.5054388,-0.1056789
51.5158929,-0.0930433
51.5115787,-0.092912
51.5169577,-0.0938057
51.4956636,-0.0970318
51.4943515,-0.0929258
51.5144632,-0.087655
51.5137504,-0.1033849
51.5161104,-0.1285895
51.5134702,-0.1025618
51.5133886,-0.1028755
51.5035669,-0.1033052
51.5035143,-0.1018272
51.5102531,-0.1217127
51.5102469,-0.1217266
51.5100759,-0.122163
51.4989718,-0.1122399
51.4948774,-0.1179369
51.4920654,-0.1321804
51.4958631,-0.1355099
51.4959517,-0.1354156
51.4921477,-0.1382988
51.509429,-0.084138
51.511536,-0.13452
51.5092478,-0.0847281
51.5020945,-0.0878944
51.5154351,-0.0988025
51.5006254,-0.1019289
51.4989557,-0.1001908
51.503609,-0.0990639
51.5036694,-0.0984831
51.4911214,-0.0971253
51.4967408,-0.1388126
51.51134,-0.1321679
51.4979978,-0.1438244
51.5070786,-0.1459304
51.497981,-0.143699
51.5022099,-0.085019
51.5022999,-0.0857384
51.5021379,-0.083728
51.500396,-0.0849794
51.502112,-0.0840226
51.5007452,-0.1126786
51.5033193,-0.1044972
51.5004352,-0.113749
51.5005766,-0.1130502
51.5007214,-0.1127447
51.5004988,-0.1136084
51.5013242,-0.1069437
51.5035003,-0.1044692
51.5048013,-0.0831485
51.5119518,-0.0975171
51.5002488,-0.0879889
51.5023937,-0.0828657
51.5022187,-0.0873796
51.5022848,-0.0869474
51.5011102,-0.087392
51.4995906,-0.0873842
51.5022002,-0.0871712
51.5018732,-0.0843569
51.5005628,-0.0873824
51.5023563,-0.0864429
51.510373,-0.082903
51.510748,-0.084125
51.5107882,-0.0847927
51.510755,-0.084697
51.510804,-0.0855511
51.4921838,-0.1015529
51.5149459,-0.1128579
51.5065038,-0.1232743
51.5149176,-0.1162169
51.5134227,-0.1167125
51.5117487,-0.1197232
51.5143539,-0.1184678
51.5066732,-0.1318074
51.5076751,-0.1310085
51.5074052,-0.1346541
51.5080025,-0.1259603
51.5084482,-0.1318871
51.5090757,-0.1297453
51.5096898,-0.1314697
51.5098044,-0.1311357
51.5097835,-0.1311221
51.4967918,-0.0811059
51.5010055,-0.0990676
51.5137437,-0.1354451
51.5147078,-0.1374646
51.5144736,-0.1414364
51.5013194,-0.088976
51.495727,-0.0999471
51.4957521,-0.1009225
51.4990034,-0.0938358
51.5017814,-0.0887317
51.4990001,-0.092315
51.5100248,-0.143456
51.501147,-0.091958
51.5014409,-0.0922553
51.5013474,-0.0921588
51.5016713,-0.0925695
51.5017845,-0.0926913
51.502052,-0.092354
51.502292,-0.092403
51.511982,-0.088908
51.51201,-0.08915
51.512078,-0.0888608
51.513108,-0.088451
51.5131003,-0.0889797
51.506757,-0.092889
51.506621,-0.092873
51.505355,-0.092487
51.5046041,-0.091752
51.504383,-0.088775
51.4964323,-0.1016196
51.5157896,-0.1052608
51.5137636,-0.107864
51.5159214,-0.1117517
51.5119551,-0.1130868
51.5095708,-0.1189325
51.49487,-0.130571
51.4958161,-0.1275409
51.4939681,-0.1368479
51.4961158,-0.1408068
51.4960536,-0.1276245
51.516811,-0.1269894
51.4882677,-0.1292545
51.4932221,-0.1441729
51.4923183,-0.1413613
51.4935185,-0.1399556
51.4899447,-0.1328188
51.5057988,-0.1365647
51.4853792,-0.1421749
51.488111,-0.1405968
51.4898346,-0.1420411
51.4981579,-0.1319441
51.5119941,-0.0975275
51.4980973,-0.1321781
51.5162014,-0.1407252
51.4955916,-0.129055
51.5164555,-0.1401021
51.4918448,-0.1323255
51.5161333,-0.1403098
51.4968083,-0.1292582
51.5164883,-0.1398399
51.493349,-0.139918
51.4979723,-0.1321849
51.5160774,-0.1418814
51.4849179,-0.138124
51.5171342,-0.0866949
51.517105,-0.115413
51.4986824,-0.1039231
51.496306,-0.105924
51.5053174,-0.1121933
51.502884,-0.111527
51.5027668,-0.1114073
51.49867,-0.081188
51.4996946,-0.0819466
51.4992315,-0.0812984
51.5114461,-0.1272968
51.511989,-0.129189
51.5137477,-0.1265702
51.5059967,-0.0877505
51.5131332,-0.0886347
51.50933,-0.0870615
51.5165505,-0.1365983
51.5032813,-0.1008491
51.4979235,-0.0985062
51.4974511,-0.0810574
51.4974045,-0.0831484
51.4855439,-0.1269195
51.50174,-0.095017
51.501973,-0.095234
51.501609,-0.097515
51.5005991,-0.0982595
51.500581,-0.097934
51.500841,-0.098764
51.501641,-0.100147
51.5057577,-0.1043359
51.5059534,-0.1038997
51.5064741,-0.1026173
51.5057131,-0.1046162
51.5036058,-0.1015051
51.5040373,-0.1046409
51.5035643,-0.102371
51.5045639,-0.1044587
51.5044196,-0.1029964
51.5036148,-0.1000804
51.5036994,-0.101584
51.5035541,-0.1028361
51.5049425,-0.1044124
51.5036768,-0.1040886
51.5047157,-0.1046162
51.5067785,-0.1124241
51.509288,-0.137927
51.5046894,-0.1232506
51.504837,-0.086416
51.517044,-0.137475
51.4974397,-0.089515
51.4973675,-0.0894257
51.4973071,-0.0895709
51.514045,-0.134183
51.4907514,-0.1062222
51.4868092,-0.1158493
51.4862611,-0.1222823
51.4936664,-0.1109388
51.4894446,-0.1150931
51.4928622,-0.1149598
51.4848375,-0.1106337
51.4904356,-0.1227603
51.4957118,-0.1110092
51.4889503,-0.1114194
51.4860293,-0.1243796
51.4908575,-0.1168796
51.4999058,-0.1141398
51.5050911,-0.0972906
51.5065948,-0.0997423
51.5122014,-0.0933292
51.5052939,-0.0974765
51.5060761,-0.1006497
51.5056298,-0.0999523
51.5049749,-0.0965448
51.5061944,-0.1016174
51.5055219,-0.0987987
51.5054171,-0.0981907
51.5049134,-0.0958741
51.5051698,-0.0977731
51.5055913,-0.0997542
51.5054827,-0.0984879
51.5066037,-0.0993033
51.505679,-0.1001359
51.5049514,-0.096352
51.5133794,-0.1210189
51.5048964,-0.081838
51.5033674,-0.0822035
51.5047796,-0.0822567
51.5059788,-0.0911556
51.4872246,-0.0977522
51.5163873,-0.1247182
51.5162515,-0.1260939
51.5163737,-0.1245903
51.5052512,-0.1311289
51.5071298,-0.1232153
51.5144248,-0.094838
51.5165596,-0.1226901
51.5040121,-0.0911252
51.5061454,-0.0917131
51.5051545,-0.0895469
51.5059419,-0.0917245
51.5125325,-0.1232543
51.511801,-0.1261789
51.5130046,-0.1235021
51.5120631,-0.1228637
51.5127696,-0.1234903
51.5109238,-0.1237113
51.5113602,-0.1226525
51.5112577,-0.1229441
51.511902,-0.1242155
51.5108399,-0.1238856
51.5116482,-0.1241165
51.5116215,-0.1241889
51.5171207,-0.1301158
51.5171712,-0.1305919
51.5170015,-0.1304354
51.513203,-0.087895
51.513987,-0.085556
51.51346,-0.086597
51.5115164,-0.1243954
51.5113148,-0.1257008
51.511612,-0.1247854
51.5112655,-0.1235253
51.5113054,-0.1233889
51.5113149,-0.1233652
51.5112048,-0.1236651
51.4959664,-0.1009576
51.4956236,-0.1410541
51.4961697,-0.1406404
51.5059559,-0.0873919
51.5054109,-0.0830579
51.5032063,-0.084567
51.5115766,-0.0817441
51.511263,-0.0830022
51.5117979,-0.0837838
51.5117838,-0.0910309
51.5131193,-0.0905801
51.5158296,-0.0838732
51.5124273,-0.1355257
51.4986001,-0.0962169
51.496749,-0.0939661
51.5151492,-0.1411728
51.5164498,-0.1242701
51.4947689,-0.101234
51.4934045,-0.101001
51.5171137,-0.0810806
51.5162508,-0.0817431
51.5053203,-0.0890576
51.4979662,-0.1350178
51.51713,-0.12568
51.498785,-0.102137
51.4989732,-0.101949
51.4988245,-0.1034431
51.4988846,-0.103067
51.4922071,-0.1334307
51.5095181,-0.1262772
51.486237,-0.123477
51.5039915,-0.0950865
51.51341,-0.125769
51.5139908,-0.1313587
51.5165421,-0.1303326
51.516477,-0.1301435
51.5168701,-0.1303848
51.5167766,-0.1302749
51.512151,-0.126949
51.5048572,-0.0826425
51.5058221,-0.0865621
51.4978444,-0.098376
51.4993006,-0.0967791
51.5047612,-0.0899297
51.5061353,-0.0882386
51.5000024,-0.0952415
51.5156492,-0.1322987
51.512763,-0.1271072
51.5151817,-0.1267706
51.5150874,-0.1267907
51.506945,-0.1433492
51.5072451,-0.1435351
51.508184,-0.1435054
51.5071863,-0.1455421
51.5122613,-0.138674
51.5116286,-0.1356917
51.5117846,-0.1081089
51.5146741,-0.1183354
51.5126952,-0.1142242
51.5144351,-0.1181984
51.5150259,-0.1121875
51.5092767,-0.1271622
51.5169886,-0.1227182
51.5159382,-0.1368041
51.4913,-0.1120363
51.515598,-0.1075598
51.5070059,-0.1178035
51.5106969,-0.1065984
51.4918987,-0.1220539
51.49166,-0.1214505
51.4915815,-0.1218626
51.4915462,-0.121178
51.5134834,-0.1300492
51.5161173,-0.1297225
51.5156237,-0.0898216
51.5135426,-0.0893776
51.5122001,-0.0951966
51.5129943,-0.1311279
51.5166418,-0.08747
51.5103327,-0.1212707
51.5113275,-0.1227391
51.4911918,-0.1376265
51.5035784,-0.1043993
51.5134802,-0.0994219
51.5145763,-0.0996723
51.5148457,-0.0995176
51.511048,-0.1221009
51.510822,-0.1440778
51.51088,-0.122153
51.5106296,-0.1214715
51.51095,-0.131007
51.5128539,-0.1435982
51.5106587,-0.1422425
51.4922369,-0.1016118
51.4923266,-0.1013021
51.4925614,-0.1007681
51.4925544,-0.1005411
51.492854,-0.1001146
51.4936419,-0.0995166
51.4983503,-0.1003449
51.5117102,-0.1299085
51.492823,-0.129089
51.5055756,-0.097626
51.505205,-0.099042
51.504972,-0.10013
51.5007447,-0.1083595
51.4982475,-0.1118157
51.4925569,-0.1104251
51.5006222,-0.0916808
51.5009855,-0.0919118
51.4906574,-0.0814385
51.4912051,-0.0817997
51.494768,-0.128754
51.5129329,-0.1394037
51.4989829,-0.1014589
51.4990499,-0.1004344
51.494038,-0.093969
51.4956309,-0.0969092
51.488682,-0.142146
51.490141,-0.142301
51.491262,-0.14051
51.4990344,-0.1124832
51.5010023,-0.1155935
51.502777,-0.082494
51.5165783,-0.1398575
51.5163701,-0.1388968
51.5161588,-0.1396204
51.5165069,-0.1385068
51.5162897,-0.1385298
51.5119699,-0.1220981
51.4972113,-0.1412386
51.4971529,-0.141064
51.4970389,-0.1411462
51.5017374,-0.1231427
51.5104801,-0.1378643
51.5105937,-0.1373278
51.5100995,-0.1391571
51.5102517,-0.1347915
51.5076233,-0.0964952
51.5106248,-0.1216448
51.4974583,-0.1293732
51.5053517,-0.0912854
51.5111684,-0.1271168
51.497229,-0.1009118
51.516206,-0.1446647
51.5161417,-0.1454733
51.5163628,-0.1432801
51.5166704,-0.1459846
51.5162523,-0.1436394
51.5162627,-0.1432361
51.5161762,-0.1437121
51.5161435,-0.145721
51.5163001,-0.1440537
51.5163183,-0.1440244
51.5162721,-0.1430025
51.5162845,-0.1429215
51.5162886,-0.1428456
51.5163035,-0.1427562
51.5159808,-0.1416109
51.5161091,-0.1407616
51.5161183,-0.1407081
51.5163846,-0.1431662
51.5166092,-0.1418341
51.5170221,-0.1417361
51.5168926,-0.1423071
51.5170244,-0.1417238
51.5169849,-0.1419195
51.5170487,-0.1423728
51.5161586,-0.1444865
51.5124577,-0.0879323
51.5126463,-0.0877446
51.5134614,-0.1337118
51.5125922,-0.1344514
51.4938477,-0.1292039
51.4925713,-0.1374647
51.4941632,-0.1366277
51.4926056,-0.1339477
51.4901646,-0.1312196
51.4899264,-0.1326058
51.4927624,-0.1332197
51.4895555,-0.131242
51.4927421,-0.1258158
51.4929286,-0.1254513
51.4917508,-0.1256999
51.4930265,-0.1262478
51.4917831,-0.1253504
51.4920125,-0.1281995
51.4947026,-0.1267473
51.4892379,-0.1277122
51.4891168,-0.1277837
51.4891618,-0.1280061
51.4889351,-0.1279822
51.4890561,-0.1280925
51.4889167,-0.1307509
51.4887263,-0.1315034
51.4884843,-0.1301964
51.4888791,-0.1306497
51.4884514,-0.13023
51.4887205,-0.130334
51.4888995,-0.1307009
51.4886468,-0.1300115
51.4889323,-0.1308777
51.4885926,-0.1302413
51.4887256,-0.1303786
51.4887026,-0.1302963
51.48842,-0.1302738
51.4889935,-0.1341114
51.4899025,-0.1331424
51.4889716,-0.1341378
51.4886715,-0.1344153
51.4890762,-0.1338014
51.4904917,-0.1348763
51.515296,-0.137364
51.4945433,-0.1409154
51.4943559,-0.1424834
51.495275,-0.1430633
51.4960976,-0.1422286
51.4940226,-0.1415293
51.495994,-0.1430328
51.494516,-0.1425743
51.4962253,-0.1423045
51.493904,-0.142103
51.4944431,-0.1408353
51.4937078,-0.1416731
51.4961575,-0.1422516
51.4975144,-0.0812442
51.5017819,-0.1241589
51.5012062,-0.1296991
51.5073188,-0.1284396
51.4996973,-0.1340095
51.4983966,-0.1275952
51.498814,-0.1286681
51.4979648,-0.1282328
51.5013862,-0.1111133
51.5011806,-0.1117582
51.5012639,-0.1115549
51.5019802,-0.1103507
51.5023349,-0.1102382
51.5072613,-0.110173
51.5146961,-0.0963005
51.5036556,-0.1137528
51.5125588,-0.1149062
51.5002682,-0.0927285
51.510859,-0.10046
51.5108717,-0.1051439
51.5125089,-0.1457275
51.5137503,-0.1351438
51.5138096,-0.1353566
51.5137208,-0.1355675
51.5134206,-0.1349302
51.5133543,-0.1345892
51.5130726,-0.1346136
51.513167,-0.1357463
51.5124278,-0.1343391
51.5134517,-0.1358794
51.5126598,-0.1343359
51.5125091,-0.1344163
51.4971365,-0.1383403
51.4969382,-0.1370212
51.4970454,-0.1390679
51.4970481,-0.1390401
51.4964198,-0.1421355
51.4972274,-0.1405532
51.4971392,-0.1383126
51.4973283,-0.1406278
51.4969966,-0.1371491
51.4983757,-0.1301866
51.4975212,-0.1349242
51.4974268,-0.1365232
51.497426,-0.1353304
51.4992617,-0.1302068
51.4985912,-0.1301694
51.4903701,-0.1272899
51.495406,-0.1290242
51.4955478,-0.1290467
51.5141577,-0.146226
51.5130937,-0.145657
51.4901474,-0.0990524
51.4896937,-0.0993021
51.5041908,-0.1030266
51.4840317,-0.0845641
51.4841197,-0.08464
51.5026572,-0.1082975
51.5027824,-0.1082105
51.4943726,-0.1280341
51.4946846,-0.1294963
51.5069927,-0.1277556
51.5072029,-0.1222232
51.5071338,-0.1222213
51.5162399,-0.1111266
51.5049528,-0.0861372
51.4939908,-0.1452942
51.5101467,-0.0859153
51.5171995,-0.0938066
51.513482,-0.0815815
51.5127688,-0.1392178
51.5128634,-0.1374854
51.5130553,-0.1375493
51.516626,-0.1398704
51.5158013,-0.1378822
51.5161345,-0.1402423
51.5162485,-0.1403652
51.5168243,-0.140166
51.5083685,-0.0971284
51.5144984,-0.12192
51.5159079,-0.1236878
51.5048414,-0.0864073
51.5031568,-0.0878477
51.5042638,-0.0872817
51.5126061,-0.1107108
51.5124817,-0.1119715
51.5040171,-0.1053445
51.5040121,-0.1046847
51.5035944,-0.1350987
51.4977775,-0.1243912
51.5075488,-0.1357038
51.5073352,-0.1346146
51.5068977,-0.1358994
51.5082506,-0.1240435
51.4946385,-0.1453309
51.4953797,-0.1450742
51.5124924,-0.1349642
51.5046995,-0.0871997
51.5050084,-0.0861763
51.5123351,-0.0814344
51.5126055,-0.0831885
51.4984566,-0.1056717
51.5159102,-0.1398664
51.4885135,-0.1303601
51.5150768,-0.1181399
51.5141092,-0.1395125
51.5127545,-0.145812
51.512422,-0.126488
51.5127695,-0.1264258
51.51318,-0.1398026
51.5135911,-0.1388838
51.512609,-0.138983
51.5082191,-0.1252324
51.5129364,-0.0856055
51.5130866,-0.0860401
51.5128427,-0.0858148
51.513,-0.0984049
51.5062,-0.105175
51.5065,-0.142865
51.5112,-0.128236
51.5112,-0.1281
51.516498,-0.118237
51.5159612,-0.1149233
51.4853549,-0.1342783
51.5031,-0.135763
51.5129,-0.0975037
51.5083,-0.12748
51.5163217,-0.139193
51.516347,-0.1390621
51.5158262,-0.1400857
51.5030658,-0.1121328
51.5030475,-0.1120899
51.5156671,-0.0908536
51.5116795,-0.0811097
51.4934892,-0.0987681
51.4946859,-0.1414863
51.4948073,-0.1417006
51.4955855,-0.1420354
51.5114914,-0.1281886
51.5103396,-0.1327244
51.509585,-0.1329604
51.5028223,-0.1104771
51.4944388,-0.1451074
51.5115043,-0.1307096
51.5146963,-0.1311858
51.510663,-0.123418
51.5094412,-0.1349702
51.5114534,-0.1263479
51.5107451,-0.1232123
51.510832,-0.123015
51.5063111,-0.1317927
51.5010686,-0.1196728
51.5159227,-0.1452201
51.5159616,-0.1449301
51.5137629,-0.1180949
51.5148986,-0.1202732
51.5143703,-0.1244687
51.5146445,-0.1248989
51.5146364,-0.1238492
51.5147109,-0.1218088
51.5147374,-0.1217718
51.5117794,-0.1195049
51.5134263,-0.1321782
51.507282,-0.125243
51.5085381,-0.1018732
51.5098825,-0.1310634
51.5092947,-0.1269615
51.5093078,-0.1269603
51.493403,-0.0998282
51.4931425,-0.100027
51.5051193,-0.1155432
51.5030668,-0.111492
51.515586,-0.1398582
51.5159334,-0.1394716
51.516105,-0.1395979
51.5162188,-0.1396521
51.515755,-0.12708
51.5157048,-0.1276269
51.5169011,-0.1260468
51.5079872,-0.1284028
51.5080981,-0.127693
51.5003631,-0.0848347
51.5059247,-0.0996621
51.507746,-0.0962476
51.5079364,-0.0961994
51.5065207,-0.0999759
51.5092344,-0.1328061
51.511575,-0.135612
51.5162536,-0.0985197
51.5116507,-0.0855462
51.4880209,-0.1208462
51.4881578,-0.120578
51.5119079,-0.0972999
51.5170694,-0.0870992
51.4981005,-0.1458793
51.5124717,-0.0939861
51.51047,-0.085779
51.5107852,-0.0855691
51.5108859,-0.0875486
51.5136268,-0.0838131
51.4969568,-0.1452243
51.5136907,-0.092389
51.5136986,-0.0915162
51.5137027,-0.091532
51.5138172,-0.0921911
51.5163243,-0.0940154
51.5171818,-0.0934503
51.5158093,-0.0943343
51.5152857,-0.0932938
51.5139381,-0.0938949
51.5143441,-0.0950172
51.5124128,-0.1336164
51.510383,-0.0833987
51.5102938,-0.0834471
51.5103011,-0.0846475
51.5096877,-0.0809414
51.509925,-0.0835457
51.5099532,-0.081935
51.5105889,-0.0848322
51.5106059,-0.0849155
51.5106059,-0.0849297
51.5163282,-0.0808141
51.5147586,-0.1075737
51.5170956,-0.1241534
51.5171166,-0.1241094
51.517146,-0.1235862
51.5171009,-0.1255551
51.513368,-0.1295513
51.5133798,-0.1295525
51.5147803,-0.1273423
51.5127756,-0.1336614
51.5073714,-0.1457414
51.5064519,-0.1430086
51.5070706,-0.1081175
51.5168397,-0.1429019
51.5104696,-0.0968157
51.5106099,-0.097041
51.5108772,-0.0947076
51.4965953,-0.0861615
51.5154118,-0.135174
51.5121967,-0.116127
51.5122048,-0.1161028
51.5125041,-0.1150182
51.5137746,-0.1106547
51.5137766,-0.1106427
51.5140248,-0.0907916
51.5145539,-0.090534
51.5146398,-0.0916993
51.5148292,-0.0912735
51.5157399,-0.0901786
51.512675,-0.0936346
51.5127175,-0.093631
51.5127567,-0.0930667
51.5127703,-0.093147
51.5127848,-0.0932273
51.5138893,-0.0935645
51.5140346,-0.0943604
51.5140873,-0.0938323
51.5140994,-0.0939102
51.5141173,-0.0939979
51.5141286,-0.0941029
51.5147221,-0.0899607
51.5147605,-0.0895505
51.5147321,-0.0900078
51.5165801,-0.088871
51.5170105,-0.0849051
51.5170248,-0.0850124
51.5092736,-0.0906616
51.5100046,-0.0880051
51.5112545,-0.0894309
51.5061103,-0.1146803
51.5054735,-0.1156504
51.5052253,-0.116179
51.5050525,-0.1159529
51.5048653,-0.1153947
51.5039656,-0.1138685
51.5038776,-0.1134714
51.5037891,-0.1130378
51.5149518,-0.1097174
51.5133489,-0.1124942
51.5132677,-0.112695
51.5102727,-0.1214279
51.5063283,-0.127288
51.5063381,-0.1272924
51.5069151,-0.1275843
51.4966122,-0.1431409
51.4966683,-0.143838
51.4966692,-0.1438576
51.4966791,-0.1440079
51.4966814,-0.1440217
51.4967399,-0.1412171
51.4967412,-0.1412011
51.4967139,-0.1444631
51.4967723,-0.1410002
51.4968306,-0.1452052
51.4968392,-0.1452204
51.4968935,-0.1398527
51.4968954,-0.1398373
51.4874464,-0.1055099
51.5055227,-0.0996908
51.5079602,-0.0948709
51.5135309,-0.1053049
51.5062612,-0.091277
51.4860399,-0.1238096
51.5168749,-0.092569
51.5169134,-0.0927382
51.5169501,-0.0928992
51.5170204,-0.0925745
51.5170471,-0.092691
51.5170742,-0.0928095
51.5169948,-0.0935717
51.5171393,-0.094835
51.50557,-0.1163361
51.5112255,-0.0929962
51.5091099,-0.0897444
51.5139422,-0.1325971
51.4983868,-0.1357967
51.4985987,-0.1339489
51.510124,-0.0903711
51.5143676,-0.0845351
51.5115238,-0.0870248
51.5091133,-0.0900178
51.5091363,-0.0900611
51.5090878,-0.0900468
51.5158403,-0.0837813
51.5147461,-0.0852849
51.4881452,-0.1445507
51.5129216,-0.1006996
51.4929988,-0.1463424
51.4930257,-0.1461086
51.4938086,-0.1461657
51.4938415,-0.1462788
51.4937839,-0.1460809
51.4858615,-0.1252432
51.5057699,-0.0898962
51.494094,-0.14637
51.4940865,-0.1463378
51.5152911,-0.1115921
51.5140659,-0.1111696
51.5167611,-0.1014328
51.5161276,-0.1013586
51.5156549,-0.0988768
51.5156605,-0.0990184
51.515664,-0.0991
51.5158098,-0.0993298
51.5164298,-0.0991146
51.5164521,-0.098444
51.4844483,-0.1102308
51.5050569,-0.0825694
51.5039617,-0.081239
51.515082,-0.0964727
51.5151415,-0.096469
51.488107,-0.098897
51.489707,-0.096998
51.4857,-0.093962
51.485246,-0.094137
51.484454,-0.09408
51.5166663,-0.1034785
51.5167463,-0.103728
51.5170726,-0.1072584
51.5171313,-0.1073528
51.516608,-0.1064042
51.5155554,-0.1062156
51.5155592,-0.1061511
51.5157671,-0.1060594
51.5164304,-0.1111345
51.516363,-0.1119405
51.5164048,-0.1117238
51.5164347,-0.1115305
51.516444,-0.111474
51.5168175,-0.1120695
51.5168512,-0.1119123
51.5168749,-0.1118052
51.516906,-0.1118813
51.5170207,-0.1108867
51.5171951,-0.1128935
51.5110076,-0.1332939
51.487432,-0.111876
51.483848,-0.093831
51.483948,-0.093784
51.484579,-0.093307
51.484644,-0.093349
51.5165866,-0.1090078
51.5171404,-0.1077693
51.515745,-0.1122808
51.5158752,-0.112093
51.5159847,-0.1093198
51.5129351,-0.0908268
51.5126396,-0.0919977
51.5126999,-0.1315389
51.5121877,-0.1326973
51.5119785,-0.1368642
51.5120552,-0.137214
51.5065394,-0.1355276
51.5074943,-0.1363
51.507888,-0.1408429
51.5081683,-0.1374901
51.5065862,-0.1372978
51.5079695,-0.1380775
51.5068867,-0.1385633
51.505524,-0.1398829
51.5059317,-0.1386491
51.5072937,-0.134562
51.5076642,-0.1402831
51.5072603,-0.1364932
51.5111534,-0.1074473
51.5120137,-0.1327239
51.5120416,-0.1327508
51.5120656,-0.1327786
51.51135,-0.135959
51.515266,-0.1291703
51.4843211,-0.1204895
51.5158051,-0.1293739
51.5146539,-0.129613
51.4946783,-0.1314806
51.5125895,-0.1326175
51.49662,-0.126169
51.504177,-0.0816795
51.502285,-0.0817224
51.501587,-0.0823554
51.498013,-0.0814971
51.50627,-0.0886792
51.50705,-0.0907874
51.5114913,-0.1237474
51.5101021,-0.1293299
51.5023226,-0.1193726
51.5062122,-0.117188
51.5080926,-0.1331444
51.5017515,-0.092946
51.5137631,-0.0842418
51.5048213,-0.1385397
51.5148034,-0.1140344
51.5003548,-0.0879921
51.5111396,-0.1287782
51.5110395,-0.1297975
51.5081415,-0.1125669
51.5083418,-0.1093912
51.5150716,-0.1142669
51.5163543,-0.1148505
51.5170066,-0.1153495
51.499631,-0.119684
51.499645,-0.119207
51.498058,-0.119787
51.5136508,-0.1167975
51.514139,-0.1162758
51.5143886,-0.1158708
51.5149906,-0.1183364
51.5149171,-0.1134869
51.5134262,-0.1178529
51.5130398,-0.1182298
51.5112824,-0.1189024
51.5013275,-0.1238053
51.5070159,-0.1217257
51.4862376,-0.1323567
51.4851874,-0.1364678
51.487356,-0.111809
51.4862742,-0.1115378
51.5145099,-0.0863461
51.5060598,-0.099176
51.5156372,-0.1093676
51.4947053,-0.1307838
51.4947039,-0.1305137
51.5086634,-0.1416954
51.5122904,-0.1454968
51.504237,-0.0905046
51.5048565,-0.0896799
51.5048932,-0.0896343
51.5132817,-0.0934223
51.5101991,-0.0926904
51.507347,-0.1368555
51.51311,-0.0941524
51.514759,-0.0866408
51.5142863,-0.1320958
51.5132094,-0.1012852
51.5050497,-0.101221
51.4852798,-0.1253828
51.5069008,-0.1160894
51.514408,-0.1388525
51.5143044,-0.1386809
51.515074,-0.1364601
51.5148211,-0.1368986
51.5148303,-0.1368664
51.5151492,-0.1372863
51.5153362,-0.1373822
51.5148413,-0.1335154
51.5090238,-0.1250588
51.510211,-0.1238792
51.5102945,-0.1239571
51.5101796,-0.1238379
51.5104237,-0.1242407
51.5119812,-0.1201535
51.5062882,-0.1003524
51.5065002,-0.1001982
51.5050335,-0.0973188
51.5096731,-0.1414922
51.511916,-0.1335218
51.5119587,-0.1335639
51.5118905,-0.1335013
51.5115255,-0.1306228
51.5035548,-0.1105725
51.5037525,-0.1100419
51.5134476,-0.1359636
51.510972,-0.1319195
51.5111949,-0.1320694
51.511128,-0.1320214
51.511258,-0.1321104
51.5110109,-0.131948
51.5117063,-0.1280176
51.5133332,-0.1440517
51.508352,-0.108456
51.5133434,-0.0965914
51.4984036,-0.1340272
51.4975243,-0.134905
51.4982408,-0.1326749
51.4964375,-0.1447001
51.4963725,-0.1448569
51.5028125,-0.1172582
51.5101213,-0.1322569
51.4941421,-0.0853408
51.5025438,-0.1161004
51.4932214,-0.1130629
51.4942465,-0.0958461
51.5069711,-0.121336
51.5147943,-0.1220033
51.5113909,-0.1240629
51.5114527,-0.1234904
51.5113458,-0.1240066
51.5112582,-0.1242091
51.5113959,-0.1236003
51.511285,-0.12424
51.5114802,-0.1234635
51.5160538,-0.1080179
51.514381,-0.0951487
51.5004719,-0.0928618
51.5149046,-0.1331773
51.515712,-0.1337284
51.5056514,-0.1010445
51.504931,-0.1016989
51.5049294,-0.1017459
51.5110436,-0.1328887
51.5091659,-0.145717
51.497937,-0.135441
51.497923,-0.135183
51.4980782,-0.1445767
51.488368,-0.1060397
51.5003767,-0.1138166
51.4875421,-0.1168604
51.505021,-0.1137517
51.5069008,-0.1127485
51.5069877,-0.1128183
51.5067337,-0.1119061
51.5053046,-0.1109297
51.5055452,-0.1112253
51.5055918,-0.1111443
51.5047474,-0.1104962
51.5049843,-0.1110641
51.5050778,-0.1109673
51.5047004,-0.1104794
51.5043498,-0.1105625
51.5043233,-0.1103138
51.5038723,-0.1102192
51.5038256,-0.110187
51.5036269,-0.1101683
51.5039408,-0.1087427
51.5039358,-0.108799
51.5032479,-0.106853
51.5026569,-0.1103345
51.5032446,-0.1110158
51.5036787,-0.1114503
51.4988766,-0.1123784
51.4988416,-0.1125688
51.497611,-0.1120404
51.4965523,-0.1114557
51.4954235,-0.1108817
51.495654,-0.1126949
51.4953333,-0.11277
51.4942579,-0.1130543
51.4931023,-0.1109729
51.4930322,-0.1108066
51.4927349,-0.1108334
51.4930956,-0.1107798
51.4892145,-0.110159
51.489288,-0.1099498
51.489779,-0.1082492
51.489809,-0.1081151
51.4893247,-0.1094938
51.4903468,-0.1070744
51.4904403,-0.1069296
51.4903101,-0.1068921
51.4907109,-0.1059586
51.4907443,-0.1058567
51.4909146,-0.1050306
51.4912286,-0.1033086
51.4897589,-0.1046658
51.4882074,-0.1060928
51.4880788,-0.1102073
51.4871736,-0.1127339
51.4883326,-0.1113123
51.4872905,-0.1118327
51.4872019,-0.1116932
51.4863997,-0.1112414
51.4861736,-0.111241
51.4857973,-0.1118836
51.4852745,-0.1111085
51.4868712,-0.1148984
51.5056454,-0.1181788
51.5053682,-0.118388
51.505829,-0.1153732
51.5051479,-0.1160867
51.504617,-0.1167358
51.5029708,-0.1176853
51.5015583,-0.1164193
51.5002292,-0.1186401
51.4980084,-0.1193321
51.4975743,-0.1161832
51.4972737,-0.1165161
51.4974874,-0.1166446
51.4956707,-0.117358
51.4948791,-0.1210702
51.4947823,-0.1202334
51.4945518,-0.1195896
51.4940208,-0.1158238
51.4922874,-0.1181949
51.4918365,-0.1186616
51.4912753,-0.1180071
51.4915025,-0.1185328
51.4920469,-0.1202173
51.4920836,-0.1203675
51.4897222,-0.117181
51.4893414,-0.117417
51.4873372,-0.1221324
51.486285,-0.1205499
51.4864921,-0.1191176
51.4865088,-0.1178623
51.4867393,-0.116843
51.4868562,-0.1156575
51.485176,-0.1156843
51.4853062,-0.1200456
51.4860278,-0.1220412
51.486118,-0.123334
51.4861414,-0.1238543
51.4858474,-0.124541
51.4845446,-0.1247877
51.4843141,-0.1248575
51.4843909,-0.1230765
51.4839366,-0.1203031
51.4842506,-0.1207322
51.484401,-0.1204265
51.4841371,-0.1195735
51.4845112,-0.1202173
51.4840435,-0.1196111
51.4844778,-0.119992
51.4843676,-0.1193751
51.4844444,-0.1193053
51.4843876,-0.1201475
51.5067947,-0.1146345
51.49974,-0.13292
51.5069859,-0.1455178
51.486651,-0.0995663
51.4866854,-0.0996235
51.5102125,-0.1241912
51.5128139,-0.13202
51.5127928,-0.1320802
51.5124632,-0.1329317
51.5127736,-0.1321441
51.5125428,-0.1327338
51.5132455,-0.130849
51.5132809,-0.1307667
51.5129271,-0.1317038
51.5115603,-0.1383161
51.5142754,-0.1082326
51.5140274,-0.1046212
51.5142462,-0.1310647
51.5017274,-0.0917292
51.5095274,-0.1261656
51.5121931,-0.1272713
51.5162207,-0.1298082
51.4979248,-0.1341681
51.497579,-0.1338971
51.4975996,-0.1337463
51.4944304,-0.1346948
51.490522,-0.096881
51.491324,-0.09789
51.4933496,-0.1440877
51.5109803,-0.0816178
51.511246,-0.1079704
51.5047212,-0.1133446
51.5047863,-0.1133151
51.5083838,-0.130134
51.5089833,-0.1304331
51.5090731,-0.1304908
51.508716,-0.1302939
51.4937208,-0.1209007
51.5139751,-0.139345
51.5124967,-0.138041
51.5140398,-0.1393332
51.513921,-0.139349
51.5127055,-0.1383195
51.497093,-0.126729
51.486308,-0.1272656
51.5089796,-0.1256936
51.508884,-0.125291
51.5060309,-0.1380313
51.5133573,-0.1321647
51.5132607,-0.1321168
51.513215,-0.1320898
51.5140991,-0.1307116
51.5119223,-0.0921148
51.5158896,-0.0894555
51.5156828,-0.0904706
51.5120495,-0.0929011
51.511476,-0.089229
51.5143513,-0.0857127
51.516174,-0.0834703
51.5169874,-0.0831215
51.5097222,-0.1361427
51.5155404,-0.0990006
51.5168645,-0.120297
51.5111326,-0.1200775
51.5164172,-0.1198369
51.5167604,-0.1201909
51.5139296,-0.0864366
51.5096302,-0.1326033
51.5117873,-0.135194
51.5111276,-0.1259953
51.5111696,-0.1256512
51.510489,-0.1217076
51.4987804,-0.133822
51.4990712,-0.1332651
51.4995326,-0.1307766
51.4988531,-0.1337681
51.4991887,-0.1331303
51.4991272,-0.1332022
51.4990545,-0.1336244
51.4984642,-0.1339694
51.4995959,-0.1299497
51.4995801,-0.1324566
51.499636,-0.1328868
51.4997286,-0.1299333
51.4997577,-0.1328346
51.5006867,-0.1295131
51.5157674,-0.0906418
51.5146203,-0.1421375
51.5163687,-0.1328451
51.5163717,-0.1327105
51.5151719,-0.1444779
51.4856331,-0.1114977
51.486562,-0.1115198
51.5081783,-0.1265707
51.4960216,-0.1371844
51.4955133,-0.1369238
51.4977783,-0.1372086
51.4969311,-0.1378652
51.4969493,-0.1377257
51.5115046,-0.1225053
51.509502,-0.1462865
51.5095111,-0.1462985
51.5029422,-0.1192022
51.5028988,-0.1192156
51.5035984,-0.101281
51.5148935,-0.1265608
51.4951331,-0.1441662
51.494186,-0.1452804
51.4960545,-0.104211
51.4893483,-0.1323616
51.5023154,-0.1044332
51.4839077,-0.0837638
51.5150095,-0.0850972
51.5156548,-0.1408469
51.5157052,-0.1406852
51.5162083,-0.1408199
51.4990672,-0.1379907
51.5005466,-0.1329018
51.5125354,-0.1213085
51.5126416,-0.1209132
51.4947617,-0.1431464
51.4949073,-0.1431075
51.49488,-0.1450306
51.4907933,-0.1394003
51.4915819,-0.1409737
51.492374,-0.142263
51.4955455,-0.1434465
51.4950317,-0.1438346
51.4951184,-0.1437217
51.495073,-0.1429868
51.4948506,-0.1431954
51.4951841,-0.1431609
51.495472,-0.1432235
51.4954546,-0.143478
51.4955065,-0.1439092
51.4955841,-0.1442022
51.4955023,-0.1445554
51.4949114,-0.1451212
51.5096235,-0.1271196
51.5118466,-0.0999938
51.5118466,-0.1000394
51.5017347,-0.1003088
51.4997367,-0.1297976
51.4997814,-0.1318457
51.4995354,-0.1331483
51.4987581,-0.1339568
51.4978961,-0.0905803
51.5136867,-0.1233717
51.5164945,-0.1304949
51.516527,-0.1305218
51.5164869,-0.1301314
51.516487,-0.1301489
51.5114658,-0.1194191
51.511792,-0.136641
51.511252,-0.13616
51.51142,-0.135598
51.51108,-0.122377
51.511709,-0.122589
51.5118788,-0.1274713
51.5108715,-0.0908692
51.509507,-0.126382
51.509819,-0.123659
51.509958,-0.123826
51.515173,-0.126664
51.508483,-0.126319
51.507984,-0.124663
51.5101705,-0.0842367
51.5120144,-0.082315
51.509406,-0.125134
51.5163897,-0.0817812
51.5168298,-0.0819058
51.507168,-0.122854
51.506661,-0.123782
51.506711,-0.124039
51.506845,-0.123959
51.506875,-0.124061
51.506895,-0.124307
51.506931,-0.124522
51.507032,-0.125005
51.507206,-0.125448
51.507113,-0.125639
51.5088796,-0.1409684
51.5096959,-0.1415156
51.5083879,-0.1419702
